Date,Price,Open,High,Low,Change %
16-Aug-17,"4,330.00","4,160.00","4,364.00","3,928.10",4.29
15-Aug-17,"4,151.90","4,321.00","4,430.00","3,841.90",-3.88
14-Aug-17,"4,319.50","4,061.60","4,330.30","3,969.30",6.57
13-Aug-17,"4,053.30","3,866.20","4,183.70","3,836.10",4.86
12-Aug-17,"3,865.50","3,643.40","3,965.40","3,590.00",6.08
11-Aug-17,"3,644.10","3,404.70","3,690.60","3,380.00",6.93
10-Aug-17,"3,407.90","3,340.20","3,444.40","3,310.00",2.04
9-Aug-17,"3,339.90","3,415.00","3,424.40","3,236.80",-2.2
8-Aug-17,"3,415.00","3,395.00","3,482.90","3,343.80",0.54
7-Aug-17,"3,396.70","3,232.50","3,440.00","3,190.00",5.23
6-Aug-17,"3,227.90","3,255.00","3,309.80","3,156.00",-0.88
5-Aug-17,"3,256.40","2,860.00","3,331.90","2,855.00",13.86
4-Aug-17,"2,860.00","2,790.30","2,874.80","2,762.60",2.5
3-Aug-17,"2,790.30","2,702.00","2,813.00","2,698.00",3.27
2-Aug-17,"2,702.00","2,733.80","2,757.80","2,640.00",-1.07
1-Aug-17,"2,731.20","2,854.30","2,901.60","2,615.80",-4.37
31-Jul-17,"2,856.00","2,748.90","2,883.50","2,694.80",3.89
30-Jul-17,"2,749.00","2,713.70","2,756.20","2,595.00",1.29
29-Jul-17,"2,714.10","2,784.80","2,794.20","2,662.60",-2.54
28-Jul-17,"2,784.80","2,664.60","2,819.90","2,655.50",4.5
27-Jul-17,"2,664.90","2,527.70","2,682.20","2,511.00",5.51
26-Jul-17,"2,525.70","2,560.90","2,612.00","2,404.60",-1.37
25-Jul-17,"2,560.90","2,769.70","2,790.10","2,435.70",-7.54
24-Jul-17,"2,769.70","2,750.10","2,812.00","2,707.30",0.81
23-Jul-17,"2,747.50","2,845.70","2,875.70","2,656.20",-3.45
22-Jul-17,"2,845.70","2,659.00","2,912.90","2,642.80",6.82
21-Jul-17,"2,664.00","2,874.50","2,874.50","2,615.00",-6.73
20-Jul-17,"2,856.30","2,253.30","2,919.90","2,253.30",26.77
19-Jul-17,"2,253.10","2,302.20","2,399.90","2,214.20",-2.13
18-Jul-17,"2,302.10","2,220.00","2,380.20","2,139.80",3.74
17-Jul-17,"2,219.00","1,925.00","2,223.30","1,924.10",15.28
16-Jul-17,"1,924.90","1,979.70","2,048.80","1,835.80",-2.71
15-Jul-17,"1,978.60","2,206.50","2,210.10","1,975.70",-10.27
14-Jul-17,"2,205.10","2,329.40","2,345.60","2,138.00",-5.32
13-Jul-17,"2,329.00","2,375.60","2,400.00","2,293.80",-1.91
12-Jul-17,"2,374.40","2,285.60","2,394.00","2,195.80",4.04
11-Jul-17,"2,282.10","2,318.30","2,372.80","2,183.30",-1.56
10-Jul-17,"2,318.30","2,477.90","2,498.10","2,240.00",-6.44
9-Jul-17,"2,478.00","2,542.00","2,555.60","2,473.70",-2.52
8-Jul-17,"2,542.00","2,479.30","2,542.60","2,436.80",2.53
7-Jul-17,"2,479.30","2,593.20","2,598.00","2,447.00",-4.39
6-Jul-17,"2,593.10","2,598.60","2,603.30","2,546.00",-0.21
5-Jul-17,"2,598.50","2,579.90","2,617.60","2,482.50",0.62
4-Jul-17,"2,582.60","2,525.90","2,628.00","2,512.40",2.32
3-Jul-17,"2,524.00","2,445.10","2,584.00","2,416.20",3.23
2-Jul-17,"2,445.00","2,346.20","2,470.00","2,302.00",4.06
1-Jul-17,"2,349.50","2,420.60","2,440.90","2,291.00",-2.94
30-Jun-17,"2,420.70","2,472.40","2,511.10","2,406.60",-2
29-Jun-17,"2,470.10","2,518.20","2,537.00","2,424.10",-1.91
28-Jun-17,"2,518.20","2,521.30","2,561.10","2,403.20",-0.12
27-Jun-17,"2,521.20","2,393.50","2,524.00","2,208.10",5.29
26-Jun-17,"2,394.60","2,480.00","2,510.40","2,258.70",-3.35
25-Jun-17,"2,477.70","2,502.60","2,595.00","2,369.10",-0.99
24-Jun-17,"2,502.60","2,674.90","2,700.00","2,454.10",-6.44
23-Jun-17,"2,674.90","2,672.80","2,725.30","2,652.80",0.08
22-Jun-17,"2,672.80","2,624.40","2,709.00","2,554.80",1.97
21-Jun-17,"2,621.20","2,715.30","2,760.00","2,573.30",-3.36
20-Jun-17,"2,712.20","2,585.00","2,779.60","2,568.20",5.09
19-Jun-17,"2,580.80","2,494.90","2,592.70","2,481.40",3.58
18-Jun-17,"2,491.50","2,610.10","2,635.00","2,421.00",-4.54
17-Jun-17,"2,610.00","2,435.50","2,636.90","2,368.70",7.1
16-Jun-17,"2,437.00","2,377.50","2,480.00","2,261.20",2.51
15-Jun-17,"2,377.40","2,394.30","2,455.00","2,050.00",-0.74
14-Jun-17,"2,395.00","2,677.10","2,720.00","2,284.40",-10.51
13-Jun-17,"2,676.40","2,570.00","2,730.00","2,532.60",4.07
12-Jun-17,"2,571.80","2,941.80","2,961.90","2,298.20",-12.41
11-Jun-17,"2,936.30","2,806.00","3,000.00","2,793.80",4.64
10-Jun-17,"2,806.00","2,809.90","2,890.50","2,750.80",-0.11
9-Jun-17,"2,809.00","2,781.50","2,849.80","2,769.60",0.97
8-Jun-17,"2,782.10","2,642.00","2,789.30","2,570.10",5.28
7-Jun-17,"2,642.60","2,844.60","2,850.00","2,600.20",-7.07
6-Jun-17,"2,843.60","2,636.90","2,896.50","2,620.00",7.87
5-Jun-17,"2,636.20","2,488.20","2,637.50","2,480.00",5.95
4-Jun-17,"2,488.20","2,461.60","2,498.00","2,376.40",1.11
3-Jun-17,"2,461.00","2,405.90","2,481.00","2,348.00",2.29
2-Jun-17,"2,405.90","2,312.00","2,407.80","2,271.90",4.08
1-Jun-17,"2,311.60","2,191.80","2,366.70","2,187.40",5.46
31-May-17,"2,191.80","2,147.30","2,240.10","2,002.10",2.1
30-May-17,"2,146.70","2,207.40","2,263.10","2,080.40",-2.75
29-May-17,"2,207.40","2,056.90","2,249.80","1,990.10",7.33
28-May-17,"2,056.60","1,980.00","2,193.00","1,955.50",4.27
27-May-17,"1,972.30","2,125.90","2,207.90","1,810.00",-7.29
26-May-17,"2,127.30","2,268.10","2,477.00","2,008.70",-5.54
25-May-17,"2,252.00","2,392.60","2,689.00","2,142.10",-5.96
24-May-17,"2,394.80","2,250.00","2,443.80","2,247.70",6.47
23-May-17,"2,249.30","2,087.50","2,262.90","2,060.00",7.85
22-May-17,"2,085.50","2,026.50","2,219.90","1,979.20",2.77
21-May-17,"2,029.20","2,059.30","2,099.10","2,001.00",-1.48
20-May-17,"2,059.70","1,966.50","2,072.20","1,963.60",4.74
19-May-17,"1,966.50","1,941.50","2,000.00","1,925.00",1.29
18-May-17,"1,941.50","1,870.00","1,949.90","1,861.00",3.82
17-May-17,"1,870.00","1,786.20","1,892.90","1,766.40",4.72
16-May-17,"1,785.70","1,772.00","1,795.10","1,728.00",0.74
15-May-17,"1,772.50","1,826.80","1,828.50","1,720.00",-3.04
14-May-17,"1,828.10","1,820.60","1,852.40","1,780.00",0.42
13-May-17,"1,820.40","1,735.00","1,824.00","1,666.00",4.92
12-May-17,"1,735.00","1,853.90","1,864.80","1,700.80",-6.41
11-May-17,"1,853.90","1,796.90","1,908.00","1,766.60",3.18
10-May-17,"1,796.80","1,759.80","1,817.40","1,722.30",2.09
9-May-17,"1,760.00","1,703.50","1,813.90","1,695.10",3.33
8-May-17,"1,703.20","1,619.80","1,715.00","1,618.90",5.14
7-May-17,"1,619.90","1,597.00","1,631.30","1,575.10",1.43
6-May-17,"1,597.10","1,545.10","1,605.00","1,545.00",3.37
5-May-17,"1,545.10","1,607.20","1,665.50","1,511.70",-3.86
4-May-17,"1,607.10","1,619.40","1,701.90","1,521.10",-0.66
3-May-17,"1,617.80","1,558.50","1,626.90","1,542.00",3.71
2-May-17,"1,560.00","1,533.00","1,604.60","1,479.20",1.75
1-May-17,"1,533.10","1,435.00","1,560.00","1,432.00",6.82
30-Apr-17,"1,435.20","1,425.40","1,443.50","1,403.30",0.81
29-Apr-17,"1,423.60","1,415.60","1,436.60","1,401.50",0.57
28-Apr-17,"1,415.60","1,440.30","1,447.00","1,368.30",-1.71
27-Apr-17,"1,440.30","1,399.30","1,449.70","1,392.50",2.93
26-Apr-17,"1,399.30","1,371.00","1,411.70","1,365.10",2.12
25-Apr-17,"1,370.30","1,345.00","1,378.50","1,342.10",1.88
24-Apr-17,"1,345.00","1,355.30","1,359.60","1,326.90",-0.75
23-Apr-17,"1,355.20","1,346.40","1,359.00","1,336.00",0.57
22-Apr-17,"1,347.50","1,327.10","1,353.10","1,290.10",1.65
21-Apr-17,"1,325.60","1,308.70","1,333.10","1,307.50",1.31
20-Apr-17,"1,308.40","1,260.50","1,325.70","1,260.10",3.8
19-Apr-17,"1,260.50","1,265.40","1,272.00","1,255.00",-0.39
18-Apr-17,"1,265.40","1,240.00","1,274.80","1,237.00",2.05
17-Apr-17,"1,240.00","1,212.50","1,247.00","1,202.20",2.31
16-Apr-17,"1,212.00","1,193.30","1,217.60","1,190.40",1.57
15-Apr-17,"1,193.30","1,206.80","1,215.00","1,190.00",-1.12
14-Apr-17,"1,206.80","1,187.00","1,219.10","1,184.00",1.67
13-Apr-17,"1,187.00","1,227.40","1,235.10","1,163.50",-3.29
12-Apr-17,"1,227.40","1,236.90","1,239.00","1,221.00",-0.66
11-Apr-17,"1,235.60","1,220.30","1,243.40","1,209.10",1.25
10-Apr-17,"1,220.30","1,215.90","1,229.90","1,208.10",0.36
9-Apr-17,"1,215.90","1,188.10","1,226.90","1,180.20",2.34
8-Apr-17,"1,188.10","1,196.60","1,202.60","1,171.30",-0.71
7-Apr-17,"1,196.60","1,191.50","1,208.90","1,176.70",0.43
6-Apr-17,"1,191.50","1,140.30","1,206.40","1,140.30",4.46
5-Apr-17,"1,140.60","1,145.80","1,146.70","1,112.30",-0.38
4-Apr-17,"1,145.00","1,150.10","1,161.90","1,124.10",-0.45
3-Apr-17,"1,150.20","1,107.80","1,159.90","1,107.80",3.85
2-Apr-17,"1,107.60","1,093.50","1,118.20","1,081.00",1.32
1-Apr-17,"1,093.20","1,081.30","1,106.90","1,070.20",1.06
31-Mar-17,"1,081.70","1,042.10","1,089.40","1,041.00",3.91
30-Mar-17,"1,041.00","1,041.70","1,053.50","1,022.20",-0.08
29-Mar-17,"1,041.80","1,044.70","1,058.90","1,009.30",-0.28
28-Mar-17,"1,044.70","1,042.80","1,066.50","1,016.80",0.19
27-Mar-17,"1,042.70",968.9,"1,046.90",960.1,7.61
26-Mar-17,969,971.3,"1,005.50",950.1,-0.33
25-Mar-17,972.2,942.1,980,891,3.08
24-Mar-17,943.1,"1,032.70","1,034.20",928.3,-8.7
23-Mar-17,"1,033.00","1,039.40","1,055.00","1,018.00",-0.59
22-Mar-17,"1,039.10","1,115.90","1,116.00",986.3,-6.81
21-Mar-17,"1,115.00","1,040.40","1,120.90","1,040.10",7.31
20-Mar-17,"1,039.00","1,016.50","1,052.10","1,011.20",2.25
19-Mar-17,"1,016.10",971.9,"1,058.90",971,4.64
18-Mar-17,971,"1,067.80","1,097.10",935.1,-9.12
17-Mar-17,"1,068.40","1,169.10","1,169.60","1,066.00",-8.61
16-Mar-17,"1,169.00","1,256.10","1,259.70","1,132.50",-6.93
15-Mar-17,"1,256.10","1,245.00","1,262.00","1,241.30",0.89
14-Mar-17,"1,245.00","1,238.50","1,257.90","1,218.90",0.52
13-Mar-17,"1,238.50","1,224.40","1,246.90","1,207.50",1.09
12-Mar-17,"1,225.20","1,172.40","1,232.60","1,167.50",4.47
11-Mar-17,"1,172.80","1,113.50","1,196.10","1,107.00",5.32
10-Mar-17,"1,113.60","1,190.40","1,328.80",971,-6.45
9-Mar-17,"1,190.40","1,150.00","1,207.50","1,136.00",3.58
8-Mar-17,"1,149.30","1,232.40","1,243.60","1,142.20",-6.74
7-Mar-17,"1,232.40","1,279.20","1,281.80","1,185.90",-3.67
6-Mar-17,"1,279.30","1,278.40","1,287.80","1,268.60",0.07
5-Mar-17,"1,278.40","1,267.80","1,279.80","1,245.30",0.84
4-Mar-17,"1,267.80","1,289.10","1,291.80","1,240.10",-1.58
3-Mar-17,"1,288.20","1,257.60","1,294.70","1,256.60",2.05
2-Mar-17,"1,262.30","1,232.90","1,283.10","1,213.00",2.39
1-Mar-17,"1,232.80","1,189.10","1,233.50","1,186.00",3.68
28-Feb-17,"1,189.10","1,196.00","1,216.00","1,177.80",-0.54
27-Feb-17,"1,195.50","1,178.30","1,202.60","1,171.00",1.46
26-Feb-17,"1,178.30","1,153.00","1,185.90","1,130.90",2.19
25-Feb-17,"1,153.00","1,185.40","1,189.90","1,131.50",-2.71
24-Feb-17,"1,185.10","1,189.90","1,222.20","1,111.10",-0.49
23-Feb-17,"1,190.90","1,125.50","1,196.90","1,120.40",5.83
22-Feb-17,"1,125.30","1,129.60","1,140.00","1,106.40",-0.38
21-Feb-17,"1,129.60","1,091.30","1,134.00","1,085.00",3.52
20-Feb-17,"1,091.20","1,056.20","1,100.30","1,044.10",3.31
19-Feb-17,"1,056.20","1,059.80","1,066.00","1,045.00",-0.34
18-Feb-17,"1,059.80","1,056.20","1,071.10","1,053.10",0.34
17-Feb-17,"1,056.20","1,038.50","1,065.80","1,034.10",1.71
16-Feb-17,"1,038.40","1,013.90","1,045.70","1,013.90",2.43
15-Feb-17,"1,013.80","1,013.30","1,017.30","1,002.40",0.01
14-Feb-17,"1,013.70",996.5,"1,019.00",988.9,1.73
13-Feb-17,996.5,996,"1,004.50",975.9,0.05
12-Feb-17,996,"1,000.10","1,005.40",992.3,-0.43
11-Feb-17,"1,000.30",992.1,"1,009.00",984.2,0.84
10-Feb-17,992,985,"1,002.00",949.4,0.71
9-Feb-17,985,"1,049.00","1,078.00",936.4,-6.09
8-Feb-17,"1,048.80","1,052.50","1,068.00","1,013.20",-0.31
7-Feb-17,"1,052.10","1,022.60","1,056.30","1,021.70",2.88
6-Feb-17,"1,022.60","1,006.60","1,026.20","1,006.00",1.59
5-Feb-17,"1,006.60","1,031.10","1,033.00",996.3,-2.38
4-Feb-17,"1,031.10","1,016.80","1,040.00","1,001.60",1.52
3-Feb-17,"1,015.70","1,007.00","1,020.50",988.3,0.99
2-Feb-17,"1,005.70",983.7,"1,010.50",970.1,2.23
1-Feb-17,983.7,966.2,985,960.1,1.82
31-Jan-17,966.2,917.4,969.4,916.8,5.32
30-Jan-17,917.4,912.5,920.8,910,0.53
29-Jan-17,912.6,919.4,923,910.7,-0.75
28-Jan-17,919.4,916.7,924,915,0.3
27-Jan-17,916.7,915.1,922.2,905,0.17
26-Jan-17,915.1,893.3,917.6,893.3,2.44
25-Jan-17,893.3,886.1,899.6,884.2,0.82
24-Jan-17,886.1,908.4,927,884.2,-2.63
23-Jan-17,910,923.7,928.8,910,-1.48
22-Jan-17,923.7,924,939.7,892,-0.03
21-Jan-17,924,895.7,931,893.9,3.13
20-Jan-17,896,900.3,904.5,883.3,-0.48
19-Jan-17,900.3,887.6,908.2,884.6,1.41
18-Jan-17,887.8,904,913.8,847.3,-1.8
17-Jan-17,904,830.1,910.8,828,8.9
16-Jan-17,830.1,820.7,837.9,814.8,1.14
15-Jan-17,820.7,815.3,823,805.1,0.67
14-Jan-17,815.3,828.1,838.5,800.7,-1.55
13-Jan-17,828.1,804.6,832.3,776,2.93
12-Jan-17,804.6,779.5,831.2,738.7,3.34
11-Jan-17,778.6,905.8,922.6,760,-14.04
10-Jan-17,905.8,903,917.9,895.5,0.31
9-Jan-17,903,915.9,916.1,876.3,-1.41
8-Jan-17,915.9,908.8,942.5,890,0.78
7-Jan-17,908.8,898.5,911,816.1,1.21
6-Jan-17,898,"1,003.80","1,025.00",871,-10.49
5-Jan-17,"1,003.20","1,139.80","1,166.00",865.4,-11.97
4-Jan-17,"1,139.60","1,037.50","1,150.00","1,036.40",9.84
3-Jan-17,"1,037.50","1,019.30","1,038.70","1,013.50",1.79
2-Jan-17,"1,019.30",999.2,"1,034.80",997.3,2.03
1-Jan-17,999,966.6,"1,006.50",961.3,3.35
31-Dec-16,966.6,959.2,968,945,0.76
30-Dec-16,959.3,974.7,974.7,929.8,-1.37
29-Dec-16,972.6,981.7,983,949,-0.92
28-Dec-16,981.7,936.4,983,936.4,4.85
27-Dec-16,936.3,906.4,940,903.5,3.3
26-Dec-16,906.4,898,920,894.2,0.94
25-Dec-16,898,895.2,901.5,858.6,0.31
24-Dec-16,895.2,919,919.8,882.8,-2.58
23-Dec-16,919,859.2,920,859,6.96
22-Dec-16,859.2,829.3,873.9,825,3.52
21-Dec-16,830,798.8,830.5,795,4.01
20-Dec-16,798,790.6,802.3,788,0.94
19-Dec-16,790.6,790.2,792.2,788,0.05
18-Dec-16,790.2,791,792.8,784.4,-0.1
17-Dec-16,791,784.2,793,784.2,0.87
16-Dec-16,784.2,777.4,785,775.9,0.87
15-Dec-16,777.4,774.5,780.1,774.5,0.38
14-Dec-16,774.5,775,781.2,771.2,-0.07
13-Dec-16,775,778,788.9,763.7,-0.38
12-Dec-16,778,770.2,784.1,770.2,1.01
11-Dec-16,770.2,772.9,773.7,761.8,-0.35
10-Dec-16,772.9,770.5,777.8,770,0.31
9-Dec-16,770.5,765,772.7,765,0.72
8-Dec-16,765,765,773.2,762.7,0
7-Dec-16,765,757.2,772.2,749.1,1.01
6-Dec-16,757.4,750.6,758.5,750.4,0.9
5-Dec-16,750.6,768.5,769,744.6,-2.33
4-Dec-16,768.5,765.5,770,760.9,0.42
3-Dec-16,765.3,774.9,774.9,756,-1.24
2-Dec-16,774.9,755.4,779.2,755.2,2.59
1-Dec-16,755.4,739,756,738.8,2.21
30-Nov-16,739,731,743.1,729.1,1.09
29-Nov-16,731,731.5,733.9,728.7,-0.06
28-Nov-16,731.5,724.9,735,724.9,0.9
27-Nov-16,725,731.2,736.2,722.5,-0.85
26-Nov-16,731.2,740.4,741,720,-1.24
25-Nov-16,740.4,737.7,741.1,730,0.36
24-Nov-16,737.7,742,744.3,727.6,-0.58
23-Nov-16,742,749.8,750.9,730.8,-1.07
22-Nov-16,750,739,753.9,733.3,1.5
21-Nov-16,739,729.7,740.6,728.1,1.28
20-Nov-16,729.7,752.9,757,712,-3.09
19-Nov-16,752.9,754,760,740,-0.14
18-Nov-16,754,740.7,756.9,734.5,1.8
17-Nov-16,740.7,745,762.4,735,-0.58
16-Nov-16,745,712.2,747.5,710.1,4.61
15-Nov-16,712.2,707.4,720,707.4,0.67
14-Nov-16,707.4,708.1,709,699,0.47
31-Oct-16,704.1,702.5,706,688,0.22
30-Oct-16,702.5,714.5,716.6,697.8,-1.67
29-Oct-16,714.5,693.5,724,692.3,3.03
28-Oct-16,693.5,688.7,695,681.6,0.7
27-Oct-16,688.7,678.7,690.6,676.7,1.47
26-Oct-16,678.7,659.5,685.6,658.5,2.91
25-Oct-16,659.5,654.7,670,652.7,0.74
24-Oct-16,654.7,659,659,654,-0.66
23-Oct-16,659,665,671.4,656,-0.9
22-Oct-16,665,636.7,671,635.1,4.44
21-Oct-16,636.7,632.5,639,632,0.68
20-Oct-16,632.5,631.8,633.6,628,0.11
19-Oct-16,631.8,638.7,643.9,627.8,-1.1
18-Oct-16,638.8,639.8,641.7,632.9,-0.15
17-Oct-16,639.8,644.2,644.6,637.8,-0.68
16-Oct-16,644.2,640.2,645.8,639.8,0.62
15-Oct-16,640.2,643,645.7,637.9,-0.44
14-Oct-16,643,637,645.4,636.7,0.94
13-Oct-16,637,637.6,643.7,636.4,-0.1
12-Oct-16,637.6,641.9,644.1,637.3,-0.64
11-Oct-16,641.7,618.9,646,618.1,3.7
10-Oct-16,618.9,616.6,620,615.9,0.37
9-Oct-16,616.6,620.5,620.9,614.4,-0.63
8-Oct-16,620.5,620.1,622.9,617.9,0.06
7-Oct-16,620.1,613.5,621.2,613,1.08
6-Oct-16,613.5,614.1,615.9,612.7,-0.09
5-Oct-16,614.1,610.7,617.3,610,0.51
4-Oct-16,611,612.7,614,609.6,-0.26
3-Oct-16,612.6,609.1,613.2,608.9,0.57
2-Oct-16,609.1,614.1,614.2,607,-0.81
1-Oct-16,614.1,611.1,616.9,611.1,0.49
30-Sep-16,611.1,604.6,612.9,604.3,1.08
29-Sep-16,604.6,603.8,607.8,603.2,0.14
28-Sep-16,603.8,605.5,605.8,603.1,-0.29
27-Sep-16,605.5,609.1,609.9,602,-0.59
26-Sep-16,609.1,600.4,610,599.9,1.46
25-Sep-16,600.4,602.5,603.6,597.6,-0.36
24-Sep-16,602.5,603.3,605.8,601.5,-0.12
23-Sep-16,603.3,597.1,604,596,1.04
22-Sep-16,597.1,597.4,598.7,596,-0.06
21-Sep-16,597.4,600.1,600.1,592.7,-0.44
20-Sep-16,600,609.8,612,600,-1.6
19-Sep-16,609.8,613,615,608.9,-0.53
18-Sep-16,613,607.7,615.9,607.4,0.88
17-Sep-16,607.7,610,610.6,605,-0.38
16-Sep-16,610,611.8,614.2,609.5,-0.29
15-Sep-16,611.8,613.9,617.3,611,-0.34
14-Sep-16,613.9,614.2,617.4,612,-0.06
13-Sep-16,614.2,611.6,618,610,0.43
12-Sep-16,611.6,612.1,615.2,608.1,-0.08
11-Sep-16,612.1,628,635,598,-2.54
10-Sep-16,628,626.3,629.7,624.9,0.28
9-Sep-16,626.3,631.7,633.5,621.3,-0.87
8-Sep-16,631.7,619.8,636.2,617.8,1.93
7-Sep-16,619.8,615.1,620.6,610.8,0.73
6-Sep-16,615.2,611.5,616.7,609.8,0.61
5-Sep-16,611.5,614.5,615.7,605.7,-0.49
4-Sep-16,614.5,609.9,618.7,604.6,0.76
3-Sep-16,609.9,579.8,612.4,576,5.18
2-Sep-16,579.8,572.7,581.1,570.6,1.24
1-Sep-16,572.7,576.2,578,571.5,-0.59
31-Aug-16,576.2,579.5,579.5,572.7,-0.58
30-Aug-16,579.5,574.8,580.2,574.2,0.82
29-Aug-16,574.8,574.2,578,573,0.11
28-Aug-16,574.2,568.5,574.4,568.3,0.99
27-Aug-16,568.5,578,578.9,567.2,-1.64
26-Aug-16,578,577.2,579.5,575.1,0.14
25-Aug-16,577.2,580.3,581.1,574,-0.54
24-Aug-16,580.3,583.5,586.9,580,-0.55
23-Aug-16,583.5,588,590.7,581.1,-0.76
22-Aug-16,588,581.4,590,581.4,1.13
21-Aug-16,581.4,582.1,584.2,580,-0.1
20-Aug-16,582,573.5,582.8,571.3,1.48
19-Aug-16,573.5,572.3,577.2,570.8,0.23
18-Aug-16,572.2,571.8,578,569.7,0.07
17-Aug-16,571.8,574.2,577.9,569,-0.42
16-Aug-16,574.2,564.6,579,564,1.7
15-Aug-16,564.6,569.4,574,563,-0.84
14-Aug-16,569.4,583.7,583.7,564,-2.45
13-Aug-16,583.7,585.5,590,582.1,-0.3
12-Aug-16,585.5,591.3,593,584,-0.98
11-Aug-16,591.3,590.5,599,587.8,0.17
10-Aug-16,590.3,604.1,614.5,579,-2.29
9-Aug-16,604.1,604.1,604.1,604.1,0
8-Aug-16,604.1,604.1,604.1,604.1,0
7-Aug-16,604.1,604.1,604.1,604.1,0.02
2-Aug-16,604,608.3,615.3,595,-0.66
1-Aug-16,608,622.7,627.3,605,-2.51
31-Jul-16,623.7,655,655.1,621.3,-4.78
30-Jul-16,655,658.3,660.5,651.8,-0.51
29-Jul-16,658.3,657,660.4,654.5,0.59
27-Jul-16,654.5,648.5,657.1,646.6,0.93
26-Jul-16,648.5,654.2,657.6,640.6,-0.87
25-Jul-16,654.2,661.8,664.4,650,-1.16
24-Jul-16,661.8,654,664.1,650.5,1.19
23-Jul-16,654,648,657.1,645,0.92
22-Jul-16,648,665,668,640,-2.55
21-Jul-16,665,665.8,668,657.6,-0.13
20-Jul-16,665.8,675,676,661.3,-1.36
19-Jul-16,675,674.3,676.6,666.3,0.1
18-Jul-16,674.3,683.2,686,666.5,-1.3
17-Jul-16,683.2,665.3,689.7,663.6,2.69
16-Jul-16,665.3,665.5,669.6,659.1,-0.03
15-Jul-16,665.5,659.8,669.6,658.2,0.87
14-Jul-16,659.8,653.7,666,650,0.93
13-Jul-16,653.7,667.1,669.9,652.5,-2.02
12-Jul-16,667.2,648,678,645.6,2.97
11-Jul-16,648,649.7,662.5,643.4,-0.27
10-Jul-16,649.7,648.1,651.5,636.9,0.25
9-Jul-16,648.1,664.8,664.8,624,-2.51
8-Jul-16,664.8,640.5,666.6,634,3.79
7-Jul-16,640.5,677.4,682,610.1,-5.4
6-Jul-16,677,667.8,682.6,667,1.39
5-Jul-16,667.8,681.3,682.7,659.3,-1.99
4-Jul-16,681.3,659.3,684.2,644.5,3.34
3-Jul-16,659.3,706,707,644.4,-6.49
2-Jul-16,705,674.8,705.3,673.4,4.49
1-Jul-16,674.8,674.7,690.6,667.6,0
30-Jun-16,674.7,640,677.5,635.6,5.48
29-Jun-16,639.7,646.6,646.6,622,-1.02
28-Jun-16,646.3,662.2,664.3,633,-2.4
27-Jun-16,662.2,627.4,662.2,617.3,5.54
26-Jun-16,627.4,664.9,667.9,614.3,-5.63
25-Jun-16,664.9,665.5,698,642.8,-0.18
24-Jun-16,666,625.8,680,625.8,6.43
23-Jun-16,625.8,605.6,638.2,555.6,3.26
22-Jun-16,606,669,688.2,588.9,-9.4
21-Jun-16,668.9,705.8,715.8,668.9,-10.08
20-Jun-16,743.9,767.3,767.7,724.3,-3.05
19-Jun-16,767.3,757.6,771.9,740,1.28
18-Jun-16,757.6,748.7,789.7,721.6,1.19
17-Jun-16,748.7,769.5,780,703.1,-2.7
16-Jun-16,769.5,697,778.5,697,10.41
15-Jun-16,696.9,684.5,699.1,669.2,1.81
14-Jun-16,684.5,705.9,705.9,656.5,-3.03
13-Jun-16,705.9,672,719,659.9,5.2
12-Jun-16,671,614.6,685,607,9.19
11-Jun-16,614.5,580.1,615,579.3,5.94
10-Jun-16,580.1,575.5,582.4,572.5,0.79
9-Jun-16,575.5,583,583.7,570,-1.29
8-Jun-16,583,576.9,585,571.1,1.07
7-Jun-16,576.9,585.2,592.1,561.3,-1.43
6-Jun-16,585.2,574,588.5,574,1.95
5-Jun-16,574,572.9,586,565.2,0.23
4-Jun-16,572.7,570.9,593.7,561.5,0.32
3-Jun-16,570.9,538.8,579,535.8,5.95
2-Jun-16,538.8,536.8,543.7,532.4,0.37
1-Jun-16,536.8,530.7,546.1,523.8,1.15
31-May-16,530.7,532.9,546.5,518,-0.41
30-May-16,532.9,531,548.4,521.1,0.36
29-May-16,531,527,567,512.5,0.76
28-May-16,527,472,541,471,11.65
27-May-16,472,454,482.3,453.6,3.98
26-May-16,454,449.1,454.7,446,1.09
25-May-16,449.1,445,450.4,443,0.91
24-May-16,445,443.5,447.8,442.4,0.31
23-May-16,443.7,437.5,444.4,436.5,1.41
22-May-16,437.5,440.8,441,435.1,-0.76
21-May-16,440.8,441.6,442.2,437,-0.17
20-May-16,441.6,434.5,443.1,433,1.51
19-May-16,435,453.5,454.7,433,-4.08
18-May-16,453.5,453.2,456.9,451.5,0.06
17-May-16,453.2,453,454.9,451,0.05
16-May-16,453,457.9,459,451,-1.07
15-May-16,457.9,455.8,460.7,454.7,0.46
14-May-16,455.8,455.8,458.5,454.1,0.01
13-May-16,455.8,455,457.5,452,0.17
12-May-16,455,452.3,456.1,445.9,0.6
11-May-16,452.3,450.7,454.7,450,0.35
10-May-16,450.7,461.6,464,446.2,-2.35
9-May-16,461.6,459.9,465.4,457.8,0.37
8-May-16,459.9,460.2,461.6,456,-0.07
7-May-16,460.2,461.2,463,458.3,-0.21
6-May-16,461.2,448.4,465,448,2.85
5-May-16,448.4,447.4,450.4,446.1,0.23
4-May-16,447.4,450.4,451,445.1,-0.67
3-May-16,450.4,443.7,452,440.1,1.5
2-May-16,443.7,451.1,452.5,436,-1.64
1-May-16,451.1,446.6,453,445.7,1.01
30-Apr-16,446.6,455.3,456,445.1,-1.92
29-Apr-16,455.3,450.5,457.4,445.8,1.08
28-Apr-16,450.5,444.9,450.8,435,1.21
27-Apr-16,445.1,468.1,469.7,443.4,-4.92
26-Apr-16,468.1,461.8,472,461.8,1.38
25-Apr-16,461.8,463,471.6,455,-0.27
24-Apr-16,463,453.7,465,450.2,2.05
23-Apr-16,453.7,447.8,454.6,445.7,1.32
22-Apr-16,447.8,452.3,453.1,444.5,-0.94
21-Apr-16,452,443.9,454.5,442.3,1.82
20-Apr-16,444,437.8,446.5,436.6,1.41
19-Apr-16,437.8,430,439,428.5,1.8
18-Apr-16,430,428.5,430.9,426.5,0.36
17-Apr-16,428.5,432.5,433.5,426.4,-0.82
16-Apr-16,432,431.5,435.7,430.5,0.13
15-Apr-16,431.5,426,432.4,426,1.28
14-Apr-16,426,424.8,426.4,424,0.3
13-Apr-16,424.8,426.6,427.7,423,-0.43
12-Apr-16,426.6,423.7,430,423.7,0.67
11-Apr-16,423.7,421.3,423.9,418.8,0.57
10-Apr-16,421.3,418.5,422.8,417.5,0.68
9-Apr-16,418.5,418.5,418.8,412,-0.01
8-Apr-16,418.5,422.3,424.5,415.5,-0.9
7-Apr-16,422.3,422.6,422.9,417.8,-0.07
6-Apr-16,422.6,423.8,424.5,421.7,-0.28
5-Apr-16,423.8,420.5,424.6,419.6,0.78
4-Apr-16,420.5,420.6,421.2,416.3,-0.03
3-Apr-16,420.6,420.3,421.7,417.6,0.07
2-Apr-16,420.3,417.9,422.8,417.5,0.66
1-Apr-16,417.6,416,417.6,414,0.37
31-Mar-16,416,413.2,418.3,413,0.68
30-Mar-16,413.2,416,416,408.6,-0.63
29-Mar-16,415.8,424.1,426.4,407.5,-1.95
28-Mar-16,424.1,427.4,428,422.4,-0.77
27-Mar-16,427.4,416.7,431,415.8,2.56
26-Mar-16,416.7,416,418.7,414.5,0.17
25-Mar-16,416,415.3,417,413,0.17
24-Mar-16,415.3,418.1,418.1,414,-0.67
23-Mar-16,418.1,417.7,419.7,415.8,0.1
22-Mar-16,417.7,411.9,418.7,409.9,1.41
21-Mar-16,411.9,411.3,412.1,406,0.15
20-Mar-16,411.3,408.4,413,407.9,0.7
19-Mar-16,408.4,407.7,410.7,404,0.17
18-Mar-16,407.7,418.8,418.9,403,-2.64
17-Mar-16,418.8,417.3,420.6,416.7,0.35
16-Mar-16,417.3,415.5,418,414,0.43
15-Mar-16,415.5,415.9,418.8,412.8,-0.12
14-Mar-16,416,411.9,417.9,411.8,1.01
13-Mar-16,411.8,410,416,410,0.44
12-Mar-16,410,420.5,421.8,406.5,-2.49
11-Mar-16,420.5,416.5,423.6,415.5,0.96
10-Mar-16,416.5,413,417.2,410.7,0.86
9-Mar-16,412.9,411.4,414.5,407.8,0.39
8-Mar-16,411.4,412.6,415.9,406,-0.33
7-Mar-16,412.7,403.8,415.3,401.6,2.18
6-Mar-16,403.9,397.4,409.5,392,1.65
5-Mar-16,397.4,408.8,410.1,389.7,-2.8
4-Mar-16,408.8,420.6,424,407.7,-2.79
3-Mar-16,420.6,422.1,424.4,416.4,-0.39
2-Mar-16,422.2,434.8,436.3,421.1,-2.9
1-Mar-16,434.8,439.2,442.8,428.5,-0.99
29-Feb-16,439.2,434.5,444.8,430.5,1.08
28-Feb-16,434.5,434.2,437.8,422.1,0.06
27-Feb-16,434.2,435.5,438,431.8,-0.25
26-Feb-16,435.3,424.9,435.3,420,2.45
25-Feb-16,424.9,426.4,430,419.5,-0.35
24-Feb-16,426.4,421.4,427.5,410.7,1.24
23-Feb-16,421.1,440.3,442.6,416.3,-4.35
22-Feb-16,440.3,440.5,442.5,433.4,-0.05
21-Feb-16,440.5,438.7,451.2,428.3,0.41
20-Feb-16,438.7,419.8,445,419.7,4.45
19-Feb-16,420,421.5,422.5,412,-0.36
18-Feb-16,421.5,414.9,426,413.1,1.6
17-Feb-16,414.9,407.3,421.7,405.3,1.86
16-Feb-16,407.3,399.9,408.8,398.7,1.84
15-Feb-16,399.9,408.3,412.5,395.4,-2.06
14-Feb-16,408.3,393,408.7,393,3.9
13-Feb-16,393,382.9,393,382.6,2.61
12-Feb-16,383,378,383.5,377.1,1.32
11-Feb-16,378,380.9,383,372.3,-0.76
10-Feb-16,380.9,374.3,386.5,373.1,1.85
9-Feb-16,374,370.5,377.6,370.3,0.94
8-Feb-16,370.5,372,376.7,369.1,-0.41
7-Feb-16,372,373.7,377.8,369.2,-0.47
6-Feb-16,373.8,386.5,386.5,366.4,-3.31
5-Feb-16,386.5,389.8,392.6,384.5,-0.84
4-Feb-16,389.8,369,393.9,368.6,5.64
3-Feb-16,369,372.9,374,366,-1.05
2-Feb-16,372.9,371.4,374.8,369.9,0.4
1-Feb-16,371.4,365.5,379,363.3,1.62
31-Jan-16,365.5,377,378.9,362.6,-3.04
30-Jan-16,377,377.6,380.5,374,-0.18
29-Jan-16,377.6,378.4,385.3,360.2,-0.2
28-Jan-16,378.4,394.7,395.5,375.6,-4.2
27-Jan-16,395,391.3,397,389.7,0.93
26-Jan-16,391.3,391,398,387.5,0.09
25-Jan-16,391,402.8,402.8,384,-2.93
24-Jan-16,402.8,385.6,407,385.1,4.46
23-Jan-16,385.6,381,394,379.9,1.21
22-Jan-16,381,411,411.2,371.3,-7.31
21-Jan-16,411,419.5,424.6,405,-2.01
20-Jan-16,419.4,378.9,428,375,10.67
19-Jan-16,379,387,388.4,377.4,-2.09
18-Jan-16,387,382,389.4,375.1,1.3
17-Jan-16,382.1,388.4,392.8,378.8,-1.63
16-Jan-16,388.4,359,392.4,353.2,8.24
15-Jan-16,358.9,429.3,429.4,358,-16.4
14-Jan-16,429.3,431.1,434.9,426,-0.42
13-Jan-16,431.1,432,436.4,416.4,-0.22
12-Jan-16,432,449.3,449.6,429.3,-3.83
11-Jan-16,449.3,449.4,452.5,443.6,-0.02
10-Jan-16,449.4,449.2,450.3,441,0.03
9-Jan-16,449.2,454,456,447.5,-1.05
8-Jan-16,454,458.8,465,446.8,-1.1
7-Jan-16,459,428.9,461.9,427.1,7.26
6-Jan-16,428,431.8,432.2,425,-0.89
5-Jan-16,431.8,432.9,434.9,428.2,-0.24
4-Jan-16,432.9,428.6,435.7,427,0.99
3-Jan-16,428.7,432.7,433.1,422,-0.93
2-Jan-16,432.7,434,435.8,430,-0.29
1-Jan-16,434,429,436.5,426.3,1.16
31-Dec-15,429,424.7,432.6,412.5,1.02
30-Dec-15,424.7,431.8,434,420,-1.66
29-Dec-15,431.9,420.1,432.2,418,2.76
28-Dec-15,420.2,422.3,429,417,-0.5
27-Dec-15,422.4,416.5,424.9,407,1.41
26-Dec-15,416.5,455.5,459.3,405.5,-8.55
25-Dec-15,455.5,456.1,460,445.9,-0.14
24-Dec-15,456.1,442.6,459,442.5,3.05
23-Dec-15,442.6,435.6,445.8,434.6,1.6
22-Dec-15,435.6,437.5,443.6,433.5,-0.52
21-Dec-15,437.9,442.6,445.9,424.9,-1.06
20-Dec-15,442.6,462.4,462.7,431.8,-4.29
19-Dec-15,462.5,463.5,467,452.8,-0.23
18-Dec-15,463.5,455.6,466.6,452,1.68
17-Dec-15,455.8,455,458.5,446.3,0.2
16-Dec-15,455,466,467,440,-2.48
15-Dec-15,466.5,442.6,467,442.5,5.4
14-Dec-15,442.6,432.5,448.1,427.6,2.21
13-Dec-15,433,435.6,443.8,418.3,-0.61
12-Dec-15,435.7,457,475,404.4,-4.52
11-Dec-15,456.3,414.9,457,414.8,9.96
10-Dec-15,414.9,418.7,421,411.2,-0.91
9-Dec-15,418.7,422,426,406.5,-0.49
8-Dec-15,420.8,396.7,421.4,388.4,6.07
7-Dec-15,396.7,390.6,403.8,384.9,1.56
6-Dec-15,390.6,390,406.8,386,0.15
5-Dec-15,390,363.2,394,362.2,7.39
4-Dec-15,363.2,360.5,364.4,354.3,0.68
3-Dec-15,360.7,359.1,371.1,352.9,0.44
2-Dec-15,359.1,362.7,363.1,346.2,-0.98
1-Dec-15,362.7,376.9,380,353.2,-3.77
30-Nov-15,376.9,373.9,384.5,370,0.96
29-Nov-15,373.3,358.6,376,355.6,4.06
28-Nov-15,358.7,358.9,362.1,351.2,-0.05
27-Nov-15,358.9,354,366.7,348.2,1.39
26-Nov-15,354,329.9,369.1,329.4,7.32
25-Nov-15,329.9,320.1,331,316,3.05
24-Nov-15,320.1,323.6,323.8,315.8,-1.09
23-Nov-15,323.6,324.7,327,320.9,-0.32
22-Nov-15,324.7,327.8,327.9,320.4,-0.88
21-Nov-15,327.5,322.2,329,319,1.66
20-Nov-15,322.2,326.5,326.8,309.5,-1.32
19-Nov-15,326.5,335.9,336.4,324.5,-2.81
18-Nov-15,336,336.3,338.8,328.1,-0.1
17-Nov-15,336.3,332.1,342.5,331,1.25
16-Nov-15,332.1,320.5,335,315.2,3.45
15-Nov-15,321.1,333.4,336.4,315,-3.7
14-Nov-15,333.4,338.5,340.7,329,-1.52
13-Nov-15,338.5,337.6,343.6,326.2,0.59
12-Nov-15,336.6,314.3,346.2,314.1,7.19
11-Nov-15,314,340.2,343.6,300.8,-7.7
10-Nov-15,340.2,381.1,383.4,327,-10.71
9-Nov-15,381,374.1,388.8,360.9,1.87
8-Nov-15,374,384.9,390.3,365.7,-2.76
7-Nov-15,384.6,375.6,392.2,371.7,2.41
6-Nov-15,375.6,387.9,396.7,351.5,-3.2
5-Nov-15,388,409.2,449.1,371,-5.2
4-Nov-15,409.2,405,503.4,366.7,0.97
3-Nov-15,405.3,365.3,423.9,361.9,11.04
2-Nov-15,365,330.2,372.5,326.8,10.38
1-Nov-15,330.7,316,333.5,313.6,4.65
31-Oct-15,316,328.2,335.4,307.2,-3.71
30-Oct-15,328.2,314.9,336,313.8,4.23
29-Oct-15,314.9,304.5,321.1,301.5,3.41
28-Oct-15,304.5,295.3,308,295.3,3.16
27-Oct-15,295.2,287.2,298.7,287.1,2.77
26-Oct-15,287.2,284.7,287.9,282.3,0.85
25-Oct-15,284.8,284.2,296,281.2,0.21
24-Oct-15,284.2,279.2,284.5,279,1.78
23-Oct-15,279.2,275.8,280.9,275.1,1.23
22-Oct-15,275.8,267.8,280,267.3,3
21-Oct-15,267.8,271,272.3,264.1,-1.17
20-Oct-15,271,265.1,273.9,264.5,2.23
19-Oct-15,265,265,268.3,262.4,0
18-Oct-15,265,272.9,274.6,263.3,-2.89
17-Oct-15,272.9,263.5,275.1,258.3,3.59
16-Oct-15,263.5,255.2,267.8,254.9,3.24
15-Oct-15,255.2,253.5,257.5,253.4,0.65
14-Oct-15,253.5,251.3,255.9,250.1,0.91
13-Oct-15,251.3,246.2,253.4,244.1,2.1
12-Oct-15,246.1,248,248.4,245.4,-0.74
11-Oct-15,247.9,246,248.7,244.8,0.78
10-Oct-15,246,244.8,246.4,243.6,0.49
9-Oct-15,244.8,243,245.4,242.6,0.76
8-Oct-15,243,244,245.6,242.6,-0.5
7-Oct-15,244.2,247.4,247.9,243.5,-1.28
6-Oct-15,247.4,242,249,241.5,2.21
5-Oct-15,242,239.5,242.7,237.2,1.05
4-Oct-15,239.5,239.8,240.9,239.3,-0.12
3-Oct-15,239.8,237.9,241.1,237.7,0.81
2-Oct-15,237.9,238.5,240,237.3,-0.26
1-Oct-15,238.5,236.5,240.1,236.2,0.84
30-Sep-15,236.5,236.8,238.8,235.1,-0.13
29-Sep-15,236.8,240.4,241.5,236.6,-1.51
28-Sep-15,240.4,233.4,241.4,233.4,3.03
27-Sep-15,233.4,234.6,234.8,233.1,-0.54
26-Sep-15,234.6,235.3,235.9,233.8,-0.27
25-Sep-15,235.3,234.6,237.6,233.1,0.26
24-Sep-15,234.6,230.5,236.3,230.5,1.78
23-Sep-15,230.5,231.1,233,230,-0.32
22-Sep-15,231.3,227.2,233.3,224.5,1.78
21-Sep-15,227.2,232.1,233,226.4,-2.11
20-Sep-15,232.1,232.1,233.2,231.4,0.01
19-Sep-15,232.1,233.8,234.2,231.4,-0.72
18-Sep-15,233.8,233.6,236.2,232.5,0.07
17-Sep-15,233.6,229,235.7,229,2.02
16-Sep-15,229,230.9,232.1,227.4,-0.84
15-Sep-15,230.9,230.9,232.9,229.5,0.02
14-Sep-15,230.9,231,233.8,228.4,-0.03
13-Sep-15,231,235.8,236.9,228.9,-2.04
12-Sep-15,235.8,240.6,241,235.3,-2.01
11-Sep-15,240.6,239.5,242.9,239.4,0.46
10-Sep-15,239.5,238.9,241.9,237,0.23
9-Sep-15,238.9,244.2,245.6,238.5,-2.15
8-Sep-15,244.2,240.9,247.7,240.3,1.39
7-Sep-15,240.9,241,243,239,-0.05
6-Sep-15,241,235.8,246.5,235.5,2.18
5-Sep-15,235.8,230.9,239.7,230,2.14
4-Sep-15,230.9,227.3,231.6,227.1,1.6
3-Sep-15,227.3,229.7,229.9,226.2,-1.07
2-Sep-15,229.7,228.2,231.8,226.5,0.64
1-Sep-15,228.2,231.4,232.3,226.6,-1.34
31-Aug-15,231.4,230,233.7,225.3,0.59
30-Aug-15,230,230.8,233.5,225.8,-0.33
29-Aug-15,230.8,231.8,233.9,227.2,-0.47
28-Aug-15,231.8,225.8,237.3,220.1,2.67
27-Aug-15,225.8,226.1,229.2,224,-0.18
26-Aug-15,226.2,222.7,232.2,220.1,1.59
25-Aug-15,222.7,210.5,227.9,198,5.78
24-Aug-15,210.5,228.1,228.6,208.5,-7.89
23-Aug-15,228.5,230.3,232.9,225.6,-0.76
22-Aug-15,230.3,232.2,234.6,222,-0.82
21-Aug-15,232.2,235.5,236.4,230.5,-1.43
20-Aug-15,235.5,226.3,237.8,226.3,4.11
19-Aug-15,226.2,194,239.4,194,23.62
18-Aug-15,183,258.5,258.5,171,-29.2
17-Aug-15,258.5,259.9,262,257.5,-0.54
16-Aug-15,259.9,262.2,262.9,256.5,-0.85
15-Aug-15,262.1,266.3,267.8,261,-1.48
14-Aug-15,266.1,264.5,268.9,262.1,0.61
13-Aug-15,264.5,267.1,268,263.3,-0.98
12-Aug-15,267.1,272,273.8,265.8,-1.79
11-Aug-15,272,265.1,272,264.8,2.59
10-Aug-15,265.1,265.6,267.7,262.2,-0.18
9-Aug-15,265.6,261.3,267.6,260.7,1.62
8-Aug-15,261.3,280.2,280.3,260.6,-6.7
7-Aug-15,280.1,279.1,281,276.1,0.37
6-Aug-15,279.1,282.6,282.6,278.1,-1.25
5-Aug-15,282.6,285.5,285.9,281.6,-1
4-Aug-15,285.5,281.3,285.9,281.3,1.49
3-Aug-15,281.3,282.4,287,279.7,-0.43
2-Aug-15,282.5,280.3,283.3,276.3,0.77
1-Aug-15,280.3,284.5,285,276.5,-1.45
31-Jul-15,284.5,288.2,289.9,282,-1.3
30-Jul-15,288.2,289.9,291,285,-0.59
29-Jul-15,289.9,295.2,295.4,286.6,-1.8
28-Jul-15,295.2,294.8,298.9,293.6,0.13
27-Jul-15,294.8,293,298.7,286,0.62
26-Jul-15,293,289.4,294.5,288.1,1.26
25-Jul-15,289.4,288.6,292.4,286.4,0.26
24-Jul-15,288.6,276.5,289.9,276,4.37
23-Jul-15,276.5,278,278.4,275.6,-0.53
22-Jul-15,278,275.8,278.4,274.5,0.8
21-Jul-15,275.8,280.2,282.1,275.3,-1.62
20-Jul-15,280.3,275,280.5,273.5,1.92
19-Jul-15,275,277.3,279.2,274.7,-0.8
18-Jul-15,277.3,279.9,283.3,276.1,-0.93
17-Jul-15,279.9,278.9,281.5,272.1,0.33
16-Jul-15,278.9,285.4,294.3,275.2,-2.28
15-Jul-15,285.4,286.9,294.4,283.5,-0.5
14-Jul-15,286.9,292.6,297.1,286.1,-1.98
13-Jul-15,292.6,311.1,312,284.5,-5.94
12-Jul-15,311.1,300.6,316,300.5,8.52
10-Jul-15,286.7,269.2,292.7,268.6,6.49
9-Jul-15,269.2,270,272.8,268,-0.59
8-Jul-15,270.8,269.5,271.4,267.4,2
7-Jul-15,265.5,268.8,268.9,263.3,-3.39
6-Jul-15,274.8,270.1,276.5,268.1,3.63
5-Jul-15,265.2,260.6,265.3,258,1.77
4-Jul-15,260.6,256.1,261.9,253.6,1.77
3-Jul-15,256,254.5,256.9,252.1,0.6
2-Jul-15,254.5,258.1,262.6,253,-1.39
1-Jul-15,258.1,262.9,264.8,253.5,-1.82
30-Jun-15,262.9,256.7,268.9,254.7,2.42
29-Jun-15,256.7,248.7,257.7,248.6,3.2
28-Jun-15,248.7,251.6,252.1,247.3,-1.15
27-Jun-15,251.6,243.3,251.8,242.6,3.42
26-Jun-15,243.3,242.1,243.9,240.6,0.51
25-Jun-15,242.1,239.8,243,239.5,0.94
24-Jun-15,239.8,244.3,244.3,239.5,-1.82
23-Jun-15,244.3,246.7,247.4,242.3,-0.98
22-Jun-15,246.7,244.3,248,243.5,0.99
21-Jun-15,244.3,245.4,245.7,241.1,-0.46
20-Jun-15,245.4,244.6,245.9,240.1,0.33
19-Jun-15,244.6,249.5,252.1,243.7,-1.98
18-Jun-15,249.5,248.9,253.7,243,0.22
17-Jun-15,248.9,252.1,259.1,246.1,-1.24
16-Jun-15,252.1,237,253.9,236,6.37
15-Jun-15,237,233.5,238.2,233.4,1.47
14-Jun-15,233.5,232.9,235.4,232.5,0.29
13-Jun-15,232.9,229.4,233.5,228.4,1.49
12-Jun-15,229.4,230,231.3,229.1,-0.17
11-Jun-15,229.8,228.6,230.7,228.6,0.53
10-Jun-15,228.6,229.1,229.9,227.5,-0.2
9-Jun-15,229.1,228.8,232,227.8,0.13
8-Jun-15,228.8,223.3,230.6,223.3,2.46
7-Jun-15,223.3,225.7,226.7,222.3,-1.06
6-Jun-15,225.6,224.5,226.9,223.9,0.51
5-Jun-15,224.5,223.2,229.2,222.7,0.57
4-Jun-15,223.2,225.1,225.8,222.6,-0.83
3-Jun-15,225.1,224.7,227,222.3,0.19
2-Jun-15,224.7,222,226,221,1.21
1-Jun-15,222,228.7,230.9,219.8,-2.93
31-May-15,228.7,232.5,232.7,227.1,-1.65
30-May-15,232.5,236.5,236.7,230.7,-1.68
29-May-15,236.5,236.9,237.2,235,-0.14
28-May-15,236.9,236.9,237.5,235.9,0
27-May-15,236.9,237.4,239.3,235.6,-0.21
26-May-15,237.4,237.1,238.5,235.3,0.11
25-May-15,237.1,241,241.1,236.1,-1.6
24-May-15,240.9,238.8,243,238.6,0.9
23-May-15,238.8,241,241.2,237.6,-0.9
22-May-15,241,235.3,241.8,234.6,2.42
21-May-15,235.3,234.2,236.5,233.9,0.44
20-May-15,234.2,231.7,235.2,231.6,1.1
19-May-15,231.7,232.8,235.7,231.2,-0.48
18-May-15,232.8,236.1,237.3,229,-1.44
17-May-15,236.2,235.7,238,235.6,0.22
16-May-15,235.7,237.3,237.6,234,-0.67
15-May-15,237.3,236.7,238.9,233.9,0.26
14-May-15,236.7,235.7,238.2,232.1,0.37
13-May-15,235.8,241.9,245,234.3,-2.47
12-May-15,241.8,242.5,244.4,240.9,-0.28
11-May-15,242.5,240.7,245.5,238.5,0.79
10-May-15,240.6,242.5,245.9,238.8,-0.81
9-May-15,242.5,244.5,249.1,240.1,-0.8
8-May-15,244.5,237.3,248.5,236.2,3.04
7-May-15,237.3,229.3,239.8,227.8,3.5
6-May-15,229.3,235.9,236.8,227.3,-2.8
5-May-15,235.9,238.5,239.4,231.1,-1.12
4-May-15,238.5,240.6,243.6,237,-0.9
3-May-15,240.7,234.8,243.7,235.7,2.51
2-May-15,234.8,231.8,235.8,231.8,1.31
1-May-15,231.8,236.1,239.2,231.3,-1.83
30-Apr-15,236.1,225.2,240.2,224.6,4.83
29-Apr-15,225.2,225.3,227.8,222.7,-0.03
28-Apr-15,225.3,227.1,228.1,222.2,-1.05
27-Apr-15,227.7,219.7,232,218.2,3.63
26-Apr-15,219.7,226.1,221.5,214,-2.83
25-Apr-15,226.1,231.4,232.7,225.8,-2.28
24-Apr-15,231.4,236,236.2,228.7,-1.96
23-Apr-15,236,234.1,237,233,0.8
22-Apr-15,234.1,237,239,232.4,-0.7
21-Apr-15,235.8,224.2,236.2,224.2,5.17
20-Apr-15,224.2,222.2,227,221.5,0.9
19-Apr-15,222.2,223.1,226.8,222.1,-0.39
18-Apr-15,223.1,222.4,224.2,219.9,0.31
17-Apr-15,222.4,228.5,229,219.6,-2.66
16-Apr-15,228.5,224,230,223,2
15-Apr-15,224,220.2,224,219,1.72
14-Apr-15,220.2,225,225.8,216.4,-2.14
13-Apr-15,225,236.4,237.7,220.3,-4.81
12-Apr-15,236.4,236.9,238.7,232.8,-0.2
11-Apr-15,236.9,236.1,240,233.8,0.31
10-Apr-15,236.1,243.6,243.7,230.8,-3.06
9-Apr-15,243.6,244.9,246.8,236.5,-0.55
8-Apr-15,244.9,253.7,255,243.1,-3.46
7-Apr-15,253.7,255.6,257.9,253,-0.74
6-Apr-15,255.6,260.5,262.4,253.7,-1.88
5-Apr-15,260.5,253.6,261.3,251.6,2.72
4-Apr-15,253.6,254.2,255.7,250.4,-0.25
3-Apr-15,254.2,253.2,256.4,250.7,0.39
2-Apr-15,253.2,246.9,254.9,244.6,2.55
1-Apr-15,246.9,244.5,248.5,239.5,1.06
31-Mar-15,244.3,247.9,248.8,242,-1.45
30-Mar-15,247.9,242.7,248.7,246.9,2.26
29-Mar-15,242.4,252.9,250,239.5,-4.15
28-Mar-15,252.9,246.5,255.4,246.5,2.62
27-Mar-15,246.5,249.2,250.4,245.3,-1.08
26-Mar-15,249.2,246.3,255,246.3,1.33
25-Mar-15,245.9,246,250,235.7,-0.03
24-Mar-15,246,267.2,268.4,241.5,-7.94
23-Mar-15,267.2,268.8,271.5,262,-0.59
22-Mar-15,268.8,260.5,270.8,259.8,3.21
21-Mar-15,260.5,262.2,263,255.5,-0.66
20-Mar-15,262.2,262,267,259.4,0.13
19-Mar-15,261.9,257.3,267.9,248.1,1.77
18-Mar-15,257.3,285.1,285.2,249,-9.8
17-Mar-15,285.3,291.2,292.8,283,-2.05
16-Mar-15,291.2,286.9,295.1,289.3,1.51
15-Mar-15,286.9,282.6,287.8,283.4,1.52
14-Mar-15,282.6,283.2,287.5,281.4,-0.24
13-Mar-15,283.3,295.5,295.9,282.1,-4.15
12-Mar-15,295.6,296.7,298.8,292.4,-0.38
11-Mar-15,296.7,292.6,298.7,291.1,1.37
10-Mar-15,292.7,291,303.8,290,0.57
9-Mar-15,291,275.6,295,279,5.6
8-Mar-15,275.6,277,278.7,272,-0.5
7-Mar-15,277,273.4,280,270.6,1.38
6-Mar-15,273.2,277.7,277.9,269.7,-1.62
5-Mar-15,277.7,273.3,284.5,262.9,1.6
4-Mar-15,273.3,283.8,286,267.4,-3.67
3-Mar-15,283.8,277.3,290.3,268,2.33
2-Mar-15,277.3,262.4,279.6,259.2,5.68
1-Mar-15,262.4,255.7,266,245.8,2.62
28-Feb-15,255.7,255.1,257.4,251.3,0.29
27-Feb-15,255,236.9,262.6,236.6,7.61
26-Feb-15,236.9,238,238.3,233.8,-0.45
25-Feb-15,238,239.7,240.8,235.6,-0.73
24-Feb-15,239.7,239.4,241,236.7,0.14
23-Feb-15,239.4,236.5,241,232.6,1.23
22-Feb-15,236.5,245.5,247.8,232.4,-3.69
21-Feb-15,245.6,244.5,247.7,243.3,0.43
20-Feb-15,244.5,240,248.3,238.9,1.79
19-Feb-15,240.2,236.3,243.4,235,1.65
18-Feb-15,236.3,244,245,231.7,-3.16
17-Feb-15,244,233.5,246.3,231.5,4.45
16-Feb-15,233.6,235.9,243.3,229,-0.97
15-Feb-15,235.9,257,268.3,228.2,-8.29
14-Feb-15,257.2,236.1,261.2,235.5,8.96
13-Feb-15,236.1,222.6,242.5,221.5,6.16
12-Feb-15,222.4,220,223.2,217.8,1.17
11-Feb-15,219.8,221.4,223.3,218.1,-0.49
10-Feb-15,220.9,221.1,222,215,-0.1
9-Feb-15,221.1,224,225,216.4,-1.29
8-Feb-15,224,229.2,231.6,220,-2.19
7-Feb-15,229,223.2,230.5,222.7,2.6
6-Feb-15,223.2,216.8,226.6,216,2.97
5-Feb-15,216.8,227.1,228.9,215,-4.56
4-Feb-15,227.1,228.8,231,221.5,-0.64
3-Feb-15,228.6,237,243.9,225.3,-3.89
2-Feb-15,237.8,228.4,240.1,220.9,3.86
1-Feb-15,229,218.7,233.8,210,4.82
31-Jan-15,218.4,229,234.7,217.1,-4.64
30-Jan-15,229.1,235,244.6,227.9,-2.54
29-Jan-15,235,235.9,242,221.1,-0.45
28-Jan-15,236.1,264,266,228.5,-10.45
27-Jan-15,263.6,274.7,278.5,244,-3.95
26-Jan-15,274.5,262.8,322.7,241.4,7.84
25-Jan-15,254.5,248,256.3,245.3,6.05
24-Jan-15,240,215,250.6,215,2.13
23-Jan-15,235,230,235,215,3.84
22-Jan-15,226.3,245.5,257.7,216.6,0.36
21-Jan-15,225.5,219,225.5,219,3.44
20-Jan-15,218,215,218,208,2.25
19-Jan-15,213.2,211.2,216.2,208.8,1.6
18-Jan-15,209.9,202.9,218.3,197.1,4.29
17-Jan-15,201.2,207.2,211,198.2,-2.64
16-Jan-15,206.7,216,225,200,-5.07
15-Jan-15,217.7,181.1,234.5,176.5,18.87
14-Jan-15,183.2,230.3,230.5,164.9,-20.31
13-Jan-15,229.8,267.3,267.6,222.5,-14.12
12-Jan-15,267.6,267.2,281,265.5,0.54
11-Jan-15,266.2,274.8,280,265,-3.22
10-Jan-15,275,292.4,292.4,271,-6.08
9-Jan-15,292.8,285.4,295.6,283,2.52
8-Jan-15,285.6,296.2,296.2,285.6,-3.82
7-Jan-15,297,286.1,303.8,285,4.07
6-Jan-15,285.4,273.2,287.8,268.5,4.46
5-Jan-15,273.2,261,276.5,260.5,5.57
4-Jan-15,258.8,282,288.9,258.8,-8.23
3-Jan-15,282,314.8,314.8,282,-10.51
2-Jan-15,315.1,313.6,316,313,0.4
1-Jan-15,313.9,317.5,317.5,312.9,-0.99
31-Dec-14,317,309,317.6,308.6,2.66
30-Dec-14,308.8,314.4,315.3,307.9,-1
29-Dec-14,311.9,319.6,321.5,311.9,-1.77
28-Dec-14,317.5,317.3,318.6,312,0.51
27-Dec-14,315.9,327.1,327.1,312.7,-3.83
26-Dec-14,328.5,319.2,329.8,317.5,2.97
25-Dec-14,319,322.6,323.1,317.9,-1.17
24-Dec-14,322.8,333.6,334.3,322.8,-3.04
23-Dec-14,332.9,330,335.2,326.1,1.18
22-Dec-14,329,318.2,329.2,317.5,3.72
21-Dec-14,317.2,328.4,328.4,316.9,-3.6
20-Dec-14,329.1,315.8,330,314.9,4.22
19-Dec-14,315.7,309.3,317,306,2.43
18-Dec-14,308.3,318.6,321.1,303.6,-3.12
17-Dec-14,318.2,333.4,337,315,-3.76
16-Dec-14,330.6,348.1,348.1,330.6,-4.78
15-Dec-14,347.2,354.1,354.1,346.3,-1.55
14-Dec-14,352.7,350.6,356.8,347,0.51
13-Dec-14,350.9,352.6,352.6,348.3,-0.56
12-Dec-14,352.8,350.4,357,349.9,0.8
11-Dec-14,350,346.6,363.3,343.6,0.9
10-Dec-14,346.9,354,356.2,343.5,-1.96
9-Dec-14,353.9,363.2,364.4,345.5,-2.6
8-Dec-14,363.3,375.2,375.6,361.7,-2.97
7-Dec-14,374.4,373.9,376.7,370.9,0.45
6-Dec-14,372.8,378,379.1,371.1,-1.49
5-Dec-14,378.4,368.8,380.6,367.2,2.2
4-Dec-14,370.3,375.8,378.9,364.8,-1.46
3-Dec-14,375.7,381.4,383.1,374.3,-1.64
2-Dec-14,382,377.4,382.6,376.9,1.17
1-Dec-14,377.6,376.7,380,374.9,0.23
30-Nov-14,376.7,374.7,380.3,373.1,0.6
29-Nov-14,374.5,375.3,383,372,-0.29
28-Nov-14,375.6,369.9,380.3,359.5,1.62
27-Nov-14,369.6,369.3,373.5,368.1,0.46
26-Nov-14,367.9,377,378.3,365.8,-2.12
25-Nov-14,375.8,373.5,390,373.1,0.72
24-Nov-14,373.2,365.3,387,327.8,3.49
23-Nov-14,360.6,347.5,360.6,346.7,4.11
22-Nov-14,346.4,350.9,360.3,346.1,-0.85
21-Nov-14,349.3,353.5,356,346.1,-1.84
20-Nov-14,355.9,380.5,380.6,353.4,-6.14
19-Nov-14,379.2,373.1,381.6,372.1,2.48
18-Nov-14,370,388.6,390.9,370,-4.53
17-Nov-14,387.6,388.9,407,376,-0.17
16-Nov-14,388.2,380.6,391.9,380.3,3.11
15-Nov-14,376.5,400.5,406.3,371,-5.65
14-Nov-14,399.1,410,414.6,385,-4.85
13-Nov-14,419.4,428.3,445,387.5,0.37
12-Nov-14,417.9,375,431.1,375,13.86
11-Nov-14,367,366.5,367.2,361.3,-0.26
10-Nov-14,368,360,372.5,355,2.21
9-Nov-14,360,343.7,360,342.5,4.35
8-Nov-14,345,342,345,340.5,1.02
7-Nov-14,341.5,348.5,350,341.1,-2.01
6-Nov-14,348.5,337.8,349.7,335.5,3.24
5-Nov-14,337.5,330.8,341,321,3.26
4-Nov-14,326.9,323.6,330.2,321.8,1.03
3-Nov-14,323.6,324.3,335.5,323.3,0.33
2-Nov-14,322.5,327,329.4,321.3,-1.43
1-Nov-14,327.2,337.7,338.4,321.7,-2.91
31-Oct-14,337,344.9,346.5,336.6,-1.99
30-Oct-14,343.9,334.6,350.6,333,3.2
29-Oct-14,333.2,352.2,352.3,333.2,-5.64
28-Oct-14,353.1,351.2,353.2,349,0.7
27-Oct-14,350.6,351.1,355,346.5,0.19
26-Oct-14,350,346.8,356.3,344,0.74
25-Oct-14,347.4,356.8,357.5,342.3,-2.45
24-Oct-14,356.1,356.1,359.9,349,0.05
23-Oct-14,356,379.7,381,353,-6.31
22-Oct-14,380,382.9,385.5,379.7,-0.75
21-Oct-14,382.8,380.7,387.8,378.2,0.49
20-Oct-14,381,385.9,386.8,374.6,-1.36
19-Oct-14,386.3,386.3,389.1,384.3,-0.96
18-Oct-14,390,379.1,391.8,377,2.56
17-Oct-14,380.3,380.7,385.7,371.9,0.25
16-Oct-14,379.3,395,395,372.2,-3.6
15-Oct-14,393.5,392.7,397.9,379.3,-1.13
14-Oct-14,397.9,388,405.8,385.9,3.81
13-Oct-14,383.4,367.1,391,363.3,3.04
12-Oct-14,372,361.9,375,354.3,2.98
11-Oct-14,361.3,358.9,366,352.3,0.49
10-Oct-14,359.5,363.7,375,352.4,-1.08
9-Oct-14,363.5,349.1,375.7,346,3.83
8-Oct-14,350,332.1,351,325,5.76
7-Oct-14,331,330.5,334.6,315.8,2.2
6-Oct-14,323.8,320.2,345.5,303.1,0.43
5-Oct-14,322.5,327.6,341.2,285.1,-1.89
4-Oct-14,328.7,359.6,364.8,322.4,-8.12
3-Oct-14,357.7,371.5,375.1,356.4,-3.78
2-Oct-14,371.7,383.1,385.5,370.3,-2.94
1-Oct-14,383,387,389,377,-1.07
30-Sep-14,387.1,374.2,392.1,372,4.75
29-Sep-14,369.6,376.8,383,367.3,-1.36
28-Sep-14,374.7,398.8,399.4,370,-5.67
27-Sep-14,397.3,400.4,405,395.1,-1.42
26-Sep-14,403,411.2,414.8,397,-1.5
25-Sep-14,409.1,420.6,420.6,404,-2.69
24-Sep-14,420.4,426.7,430,408.6,-2.03
23-Sep-14,429.1,398.9,440.5,395.4,7.91
22-Sep-14,397.7,400.1,406.2,394,-0.75
21-Sep-14,400.7,409.3,412.5,394.2,-2.65
20-Sep-14,411.6,396.5,427.3,392.5,4.13
19-Sep-14,395.3,426.8,428.4,389.9,-7.47
18-Sep-14,427.2,456.7,460,412,-6.48
17-Sep-14,456.8,465.7,469,450.4,-1.8
16-Sep-14,465.1,466.8,475.1,464.4,-1.02
15-Sep-14,469.9,476.5,478.8,469.9,-1.38
14-Sep-14,476.5,477.2,479.1,474.3,-0.34
13-Sep-14,478.1,471.2,480.8,470.8,1.33
12-Sep-14,471.8,475.7,477.9,467.8,-1.11
11-Sep-14,477.1,479.6,480.8,470.1,-0.05
10-Sep-14,477.3,474,487,473.3,0.99
9-Sep-14,472.7,471,475.5,463.3,0.47
8-Sep-14,470.4,476.7,478.1,462.2,-1.94
7-Sep-14,479.7,481.1,483.6,479.7,-0.33
6-Sep-14,481.3,481.4,485,479.6,0.78
5-Sep-14,477.6,487.1,488.6,477.6,-2.37
4-Sep-14,489.2,473.7,494.3,473.3,3.2
3-Sep-14,474,478.5,478.9,473.4,-0.58
2-Sep-14,476.8,481.6,485.8,475,-1.86
1-Sep-14,485.8,487.4,489.5,479.1,0.51
31-Aug-14,483.4,503.1,504,482.3,-3.13
30-Aug-14,499,506.9,506.9,499,-1.68
29-Aug-14,507.5,506,510.1,503,-0.05
28-Aug-14,507.8,512,513.3,506.6,-0.63
27-Aug-14,511,512.9,518,511,0.5
26-Aug-14,508.4,507,514.7,505.5,1.18
25-Aug-14,502.5,506.3,511,498.2,-0.95
24-Aug-14,507.3,500.7,512.8,500,1.43
23-Aug-14,500.1,510.5,511.6,499,-2.99
22-Aug-14,515.6,518.4,521.5,502,-0.06
21-Aug-14,515.9,515.6,529,510,-0.21
20-Aug-14,517,492.1,525,471.7,5.44
19-Aug-14,490.3,470,498,470,2.53
18-Aug-14,478.2,504.2,506.7,462.4,-4.61
17-Aug-14,501.3,525.4,527,490.1,-4.9
16-Aug-14,527.2,502.7,527.8,489.5,4.14
15-Aug-14,506.2,517.3,525,490,-0.74
14-Aug-14,510,549,549,503,-7.1
13-Aug-14,549,567.6,567.7,530.5,-3
12-Aug-14,566,570,570.5,563,-1.14
11-Aug-14,572.5,582.7,583.2,572.5,-1.29
10-Aug-14,580,581.9,586.4,580,-0.57
9-Aug-14,583.3,583,583.9,581.3,-0.53
8-Aug-14,586.4,582.9,587.6,582.9,0.71
7-Aug-14,582.3,577.5,583.3,577.5,0.82
6-Aug-14,577.5,575.3,583.7,574.3,0.44
5-Aug-14,575,582,584,574.2,-1.06
4-Aug-14,581.1,583.1,587.8,581.1,-0.16
3-Aug-14,582.1,583.9,583.9,578.3,-0.97
2-Aug-14,587.8,593.3,593.3,583.7,-1.21
1-Aug-14,594.9,578,606.1,100,2.74
31-Jul-14,579,554,586,553.5,5.09
30-Jul-14,551,575.4,575.8,550,-4.17
29-Jul-14,575,580,585.7,566.2,-1.94
28-Jul-14,586.4,585,588,571,-0.7
27-Jul-14,590.5,594.3,595,590,-0.59
26-Jul-14,594,599,599,590.2,-0.67
25-Jul-14,598,600.9,605.3,595,-0.38
24-Jul-14,600.3,616.8,616.9,593.2,-2.74
23-Jul-14,617.2,612,618.6,610,0.75
22-Jul-14,612.6,620,624,605.5,-1.16
21-Jul-14,619.8,621,621.8,605,0.14
20-Jul-14,618.9,623.3,623.3,617,-1.01
19-Jul-14,625.3,627.2,627.2,618,-0.35
18-Jul-14,627.5,626.4,627.5,616.8,-0.02
17-Jul-14,627.6,622,631.1,619,1.06
16-Jul-14,621,620,631.7,614,0.03
15-Jul-14,620.9,621.3,624,617.9,-0.25
14-Jul-14,622.4,621.7,624,616,-0.26
13-Jul-14,624,626,626,621.5,-0.32
12-Jul-14,626,625.1,630,623,0.08
11-Jul-14,625.5,610,625.5,609.9,2.54
10-Jul-14,610,618.5,620,608.5,-1.65
9-Jul-14,620.2,620.7,624.7,616.3,0.28
8-Jul-14,618.5,623.3,626,611.1,-0.88
7-Jul-14,624,630.5,635,615,-1.46
6-Jul-14,633.3,634.6,636.8,630.5,0.52
5-Jul-14,630,635,636,630,-0.35
4-Jul-14,632.2,650,650,628.5,-1.77
3-Jul-14,643.6,649.5,652,640.7,-0.66
2-Jul-14,647.9,650.6,654.9,641,-0.44
1-Jul-14,650.8,650,662,643.9,1.68
30-Jun-14,640,605.5,646,605.5,6.02
29-Jun-14,603.7,603,607,601,0.59
28-Jun-14,600.1,602.5,610.5,600.1,-1
27-Jun-14,606.2,582.7,606.2,582,4.89
26-Jun-14,577.9,573.5,578.8,572,1.73
25-Jun-14,568.1,585,585,568.1,-3.27
24-Jun-14,587.3,595.9,595.9,585,-2
23-Jun-14,599.3,609.7,609.7,592.5,-1.41
22-Jun-14,607.8,605,620,605,1.03
21-Jun-14,601.6,597.3,601.6,592.2,0.1
20-Jun-14,601,595.9,603,591,-0.17
19-Jun-14,602,608,613.8,600.3,-1.55
18-Jun-14,611.5,615.5,621.1,603.8,-0.45
17-Jun-14,614.3,578.8,614.3,577,5.91
16-Jun-14,580,580.8,601,580,1.58
15-Jun-14,571,565,571.8,549.3,3
14-Jun-14,554.4,584,584.5,545.3,-4.84
13-Jun-14,582.6,586.9,615.6,570,-1.26
12-Jun-14,590,636,640.1,569.1,-7.39
11-Jun-14,637.1,657.3,657.3,637.1,-2.53
10-Jun-14,653.6,654,663,647,-0.01
9-Jun-14,653.7,663.9,663.9,653,-1.3
8-Jun-14,662.3,664.8,668.2,660,-0.1
7-Jun-14,663,646.8,663,646.8,1.22
6-Jun-14,655,661,666,654.7,-1.24
5-Jun-14,663.3,651.8,670,650,1.68
4-Jun-14,652.3,681.3,681.3,640,-4.48
3-Jun-14,682.9,673.1,693.9,665,2
2-Jun-14,669.5,647.1,675,623.9,3.56
1-Jun-14,646.5,638,687.3,625,1.71
31-May-14,635.6,621,635.6,618.6,1.05
30-May-14,629,590,629,590,9.78
29-May-14,573,570,575,567.9,-0.7
28-May-14,577,570,580,563.4,1.23
27-May-14,570,575.6,580,557.7,-0.87
26-May-14,575,569,580.1,563.2,1.56
25-May-14,566.2,507.8,572,507.8,12.71
24-May-14,502.3,500,505,500,-1.42
23-May-14,509.5,507,529.8,500.8,1.44
22-May-14,502.3,476.5,507,475.8,5.16
21-May-14,477.6,480,480,475.8,0.36
20-May-14,476,440,480,440,8.42
19-May-14,439,434.8,440,423.8,0.05
18-May-14,438.8,438,438.8,436.3,-0.73
17-May-14,442,443,443,435.4,-0.07
16-May-14,442.3,442,443,442,0.07
15-May-14,442,440,442,438,-0.45
14-May-14,444,437.3,444,432,1.54
13-May-14,437.3,439,439,433.7,-0.63
12-May-14,440,434.5,441,433,1.85
11-May-14,432,449.6,449.6,430.5,-4.23
10-May-14,451.1,452,452.3,449.1,1.14
9-May-14,446,440,452,439.5,0.72
8-May-14,442.8,440,447,439.5,1.1
7-May-14,438,430,448.7,425.9,1.86
6-May-14,430,426.5,431.5,419.8,0.7
5-May-14,427,436.4,439.9,426.5,-0.9
4-May-14,430.9,439.5,440.6,430.9,-2.2
3-May-14,440.5,452,452,432.6,-2.86
2-May-14,453.5,459,459.6,447,-1.2
1-May-14,459,450.8,463,450.8,2.39
30-Apr-14,448.3,446,450,440.5,3.29
29-Apr-14,434,438.7,450,431.5,-3.13
28-Apr-14,448,434,448,433,1.48
27-Apr-14,441.5,460,460.5,441.5,-3.82
26-Apr-14,459,467.4,470.5,453.9,-0.22
25-Apr-14,460,493.1,494.4,446.2,-7.54
24-Apr-14,497.5,486,497.5,480,1.49
23-Apr-14,490.2,494.9,494.9,480,0.45
22-Apr-14,488,499.5,501,488,-1.81
21-Apr-14,497,509,510,495.8,-3.01
20-Apr-14,512.5,510,512.5,510,1.48
19-Apr-14,505,488.2,510,484.7,2.95
18-Apr-14,490.5,499.4,504.4,483.6,-2.03
17-Apr-14,500.7,519.5,522.3,491,-4.12
16-Apr-14,522.3,510,522.8,499,1.41
15-Apr-14,515,453.4,515,453.4,12.2
14-Apr-14,459,403.1,464,403.1,13.55
13-Apr-14,404.2,415,415,404.2,-2.6
12-Apr-14,415,417.8,430,412,-0.3
11-Apr-14,416.3,355,427,325,12.5
10-Apr-14,370,440.2,440.2,370,-16.38
9-Apr-14,442.5,455,455,440,-1.39
8-Apr-14,448.8,454.5,458.3,448.8,-1.2
7-Apr-14,454.2,460.2,463.6,445,0.11
6-Apr-14,453.7,463.3,463.3,453.7,-1.54
5-Apr-14,460.8,453,460.8,445.2,2.4
4-Apr-14,450,441.5,458.1,434.2,0.27
3-Apr-14,448.8,440.6,462,422,1.23
2-Apr-14,443.3,479.2,490.5,435.8,-8.18
1-Apr-14,482.8,460.3,486,451.4,6.82
31-Mar-14,452,478.6,485,443.1,-2.61
30-Mar-14,464.1,493,493,440.4,-5.66
29-Mar-14,491.9,506.2,507,491,-1.11
28-Mar-14,497.4,525,525,490,-0.22
27-Mar-14,498.5,582.4,589.3,498.5,-16.21
26-Mar-14,595,580,595,570,2.23
25-Mar-14,582,586.6,586.7,579.1,-1.35
24-Mar-14,590,560.4,590,552,4.2
23-Mar-14,566.2,570.3,570.3,566.2,1.11
22-Mar-14,560,560,562.9,550,-1.55
21-Mar-14,568.8,581,605.4,568.8,-2.52
20-Mar-14,583.5,610,639.2,583.5,-4.5
19-Mar-14,611,622.9,622.9,611,-1.19
18-Mar-14,618.4,623.1,623.9,610.9,-0.95
17-Mar-14,624.3,635,635.7,624,-1.68
16-Mar-14,635,640.1,640.1,635,-1.03
15-Mar-14,641.6,636.9,641.6,636.9,1.85
14-Mar-14,630,632.9,639,630,-1.87
13-Mar-14,642,633.5,645.1,633.5,-1.23
12-Mar-14,650,615,650,615,5.69
11-Mar-14,615,615,615,613.5,0
10-Mar-14,615,621,621,612.8,-0.97
9-Mar-14,621,610.5,621,609.4,1.12
8-Mar-14,614.1,621,621,600.2,-1.11
7-Mar-14,621,663,663,614,-6.33
6-Mar-14,663,673.4,675,657,-1.78
5-Mar-14,675,658,675.8,658,1.05
4-Mar-14,668,654.7,675,652.6,1.52
3-Mar-14,658,571.5,685,569.7,17.37
2-Mar-14,560.6,570.9,583.5,560,-1.34
1-Mar-14,568.2,565,571.8,560,0.57
28-Feb-14,565,575.5,590.3,544.9,-2.42
27-Feb-14,579,592.5,592.5,565.7,-0.52
26-Feb-14,582,548.7,594.5,544,13.01
25-Feb-14,515,554,567,425,-8.43
24-Feb-14,562.4,597.3,597.3,562.4,-9.14
23-Feb-14,619,597.7,624.1,597.7,4
22-Feb-14,595.2,587.6,602.8,563.7,4.79
21-Feb-14,568,565.2,591.5,548.5,-1.88
20-Feb-14,578.9,633,633,574.8,-8.17
19-Feb-14,630.4,634.2,638,628,0.38
18-Feb-14,628,660,660,622,-5.4
17-Feb-14,663.8,626,663.8,626,9.19
16-Feb-14,608,650,650,608,-6.95
15-Feb-14,653.4,652.9,655.7,650,-4.2
14-Feb-14,682,622,724,565.2,7.53
13-Feb-14,634.3,671.9,671.9,630,-7.41
12-Feb-14,685,691.1,691.1,650,3.97
11-Feb-14,658.9,739,761.7,653.3,-6.72
10-Feb-14,706.3,720,739,642,-0.52
9-Feb-14,710,702.6,720,702.6,2.9
8-Feb-14,690,700,716.4,690,-4.17
7-Feb-14,720,750.3,755.1,677,-6.68
6-Feb-14,771.6,793,793,768,-2.46
5-Feb-14,791,807,808,791,-2.71
4-Feb-14,813,810.8,813.2,808.3,0.37
3-Feb-14,810,806.8,814.1,801.7,-0.57
1-Feb-14,814.6,801.9,814.6,801.9,1.83
31-Jan-14,800,801.7,803.3,791.8,-0.49
30-Jan-14,803.9,794.4,803.9,785.4,0.49
29-Jan-14,800,789,800,783.6,0.63
28-Jan-14,795,779.8,812,770,4.57
27-Jan-14,760.3,810.9,810.9,757,-6.1
26-Jan-14,809.7,804.2,823.9,731,-0.04
25-Jan-14,810,795.8,810,789.4,3.6
24-Jan-14,781.9,800,800,773.2,-4.21
23-Jan-14,816.2,819,820,804.3,1.14
22-Jan-14,807,807,807,807,-0.37
21-Jan-14,810,810,824.7,794.2,-1.62
20-Jan-14,823.4,831,831,795.2,-0.8
19-Jan-14,830,819,830,814.2,3.75
18-Jan-14,800,810,815,799,1.39
17-Jan-14,789,820,820.7,789,-4.25
16-Jan-14,824,847.1,847.1,822.4,-1.87
15-Jan-14,839.7,835.5,842.2,833.7,1.56
14-Jan-14,826.9,827.8,833.4,815.1,1.03
13-Jan-14,818.4,846.6,857.3,818.4,-7.85
12-Jan-14,888.1,892,892,888.1,-0.98
11-Jan-14,896.9,899,900.3,895,7.44
10-Jan-14,834.7,833,834.7,833,-1.79
9-Jan-14,850,833.7,850,794.9,2.59
8-Jan-14,828.5,781,838,771,4.75
7-Jan-14,791,928.7,928.7,791,-15.36
6-Jan-14,934.5,910,950,900,3.38
5-Jan-14,904,839.5,904,839.5,12.74
4-Jan-14,801.8,806.5,806.5,801.8,-1.26
3-Jan-14,812.1,801,812.1,801,4.78
2-Jan-14,775,746.2,775,740.2,4.69
1-Jan-14,740.3,740,757,733.5,1.73
31-Dec-13,727.7,731.5,731.5,715.7,-1.29
30-Dec-13,737.2,735,740,730.2,3.21
29-Dec-13,714.3,710.7,714.3,710.7,1.9
28-Dec-13,701,726,732,701,-2.49
27-Dec-13,718.9,757.5,757.7,709,-2.85
26-Dec-13,740,680,741.3,680,14.31
24-Dec-13,647.3,662,668.7,646.8,1.09
23-Dec-13,640.4,650.2,653.2,640.4,2.94
22-Dec-13,622.1,590,669.6,590,2.37
21-Dec-13,607.7,655.4,656.7,589,1.45
20-Dec-13,599,702,732,599,-14.68
19-Dec-13,702,545.6,716.4,521,27.32
18-Dec-13,551.4,668.8,668.8,408.7,-24.67
17-Dec-13,731.9,712.2,759.8,643.9,3.86
16-Dec-13,704.8,896.8,896.8,699.6,-18.51
15-Dec-13,864.9,891.2,891.2,850,-3.68
14-Dec-13,897.9,904,909.7,889,-1.6
13-Dec-13,912.6,911,954,909.1,1.34
12-Dec-13,900.5,878.9,915,878.9,-2.31
11-Dec-13,921.8,"1,005.60","1,005.60",890.7,-9.89
10-Dec-13,"1,023.00",967.2,"1,030.40",958.5,9.32
9-Dec-13,935.8,871.4,945,849.4,28.19
8-Dec-13,730,717.1,758.5,682.2,-8.82
7-Dec-13,800.6,833.3,"1,200.00",632.3,-8.25
6-Dec-13,872.6,"1,028.20","1,028.20",845.4,-15.33
5-Dec-13,"1,030.60","1,129.80","1,135.00",866,-9.99
4-Dec-13,"1,145.00","1,065.50","1,149.50","1,065.50",9.26
3-Dec-13,"1,048.00","1,048.00","1,048.00","1,048.00",5
2-Dec-13,998.1,997.9,"1,031.10",960,4.51
1-Dec-13,955,998.1,998.1,903,-14.15
30-Nov-13,"1,112.40","1,105.10","1,115.00","1,103.10",0.44
29-Nov-13,"1,107.50","1,030.00","1,124.40","1,030.00",9.65
28-Nov-13,"1,010.00",955,"1,031.10",943.9,6.54
27-Nov-13,948,863.9,948.9,855,11.59
26-Nov-13,849.6,790.2,849.6,778,8.53
25-Nov-13,782.8,785.9,789,782.8,-3.8
24-Nov-13,813.7,746.9,813.7,746.9,-3.38
23-Nov-13,842.2,800.2,842.2,769.9,10.82
22-Nov-13,760,680,760,680,8.57
21-Nov-13,700,587,700,580,27.27
20-Nov-13,550,504.9,550,425.1,-8.18
19-Nov-13,599,600,690.9,418.4,2.37
18-Nov-13,585.2,461,590.6,461,23.64
17-Nov-13,473.3,435.9,473.3,435.9,8.73
16-Nov-13,435.3,412,436,398.4,8.82
15-Nov-13,400,419.1,436.1,400,-4.31
14-Nov-13,418,396.2,419.5,393.7,7.81
13-Nov-13,387.7,366.8,387.7,356.4,10.73
12-Nov-13,350.2,343.3,355.3,341.9,3.42
11-Nov-13,338.6,342.8,342.8,328.9,8.55
10-Nov-13,311.9,311.9,311.9,311.9,-7.21
9-Nov-13,336.1,336.1,336.1,336.1,3.82
8-Nov-13,323.8,323.8,323.8,323.8,14.29
7-Nov-13,283.3,283.3,283.3,283.3,11.67
6-Nov-13,253.7,253.7,253.7,253.7,6.02
5-Nov-13,239.3,239.3,239.3,239.3,6.26
4-Nov-13,225.2,225.2,225.2,225.2,8.46
3-Nov-13,207.6,207.6,207.6,207.6,3.38
2-Nov-13,200.9,200.9,200.9,200.9,1.18
1-Nov-13,198.5,198.5,198.5,198.5,0.14
31-Oct-13,198.2,198.2,198.2,198.2,1.89
30-Oct-13,194.6,194.6,194.6,194.6,-1.84
29-Oct-13,198.2,198.2,198.2,198.2,5.49
28-Oct-13,187.9,187.9,187.9,187.9,1.17
27-Oct-13,185.7,185.7,185.7,185.7,5.57
26-Oct-13,175.9,175.9,175.9,175.9,-1.25
25-Oct-13,178.1,178.1,178.1,178.1,-2.75
24-Oct-13,183.1,183.1,183.1,183.1,-8.71
23-Oct-13,200.6,200.6,200.6,200.6,9.12
22-Oct-13,183.9,183.9,183.9,183.9,5.56
21-Oct-13,174.2,174.2,174.2,174.2,6.82
20-Oct-13,163.1,163.1,163.1,163.1,2.03
19-Oct-13,159.8,159.8,159.8,159.8,6.83
18-Oct-13,149.6,149.6,149.6,149.6,4.81
17-Oct-13,142.7,142.7,142.7,142.7,3.86
16-Oct-13,137.4,137.4,137.4,137.4,-0.88
15-Oct-13,138.6,138.6,138.6,138.6,4.21
14-Oct-13,133,133,133,133,2.01
13-Oct-13,130.4,130.4,130.4,130.4,3.08
12-Oct-13,126.5,126.5,126.5,126.5,0.8
11-Oct-13,125.5,125.5,125.5,125.5,-0.15
10-Oct-13,125.7,125.7,125.7,125.7,-0.11
9-Oct-13,125.8,125.8,125.8,125.8,1.22
8-Oct-13,124.3,124.3,124.3,124.3,0.88
7-Oct-13,123.2,123.2,123.2,123.2,1.28
6-Oct-13,121.7,121.7,121.7,121.7,0.45
5-Oct-13,121.1,121.1,121.1,121.1,-0.12
4-Oct-13,121.3,121.3,121.3,121.3,3.83
3-Oct-13,116.8,116.8,116.8,116.8,17.04
2-Oct-13,99.8,99.8,99.8,99.8,-20.46
1-Oct-13,125.5,125.5,125.5,125.5,1.94
30-Sep-13,123.1,123.1,123.1,123.1,-1.66
29-Sep-13,125.2,125.2,125.2,125.2,0.34
28-Sep-13,124.8,124.8,124.8,124.8,1.01
27-Sep-13,123.5,123.5,123.5,123.5,0.02
26-Sep-13,123.5,123.5,123.5,123.5,0.05
25-Sep-13,123.4,123.4,123.4,123.4,0.72
24-Sep-13,122.5,122.5,122.5,122.5,0.26
23-Sep-13,122.2,122.2,122.2,122.2,-0.35
22-Sep-13,122.7,122.7,122.7,122.7,0.01
21-Sep-13,122.6,122.6,122.6,122.6,-0.21
20-Sep-13,122.9,122.9,122.9,122.9,-1.04
19-Sep-13,124.2,124.2,124.2,124.2,-1.67
18-Sep-13,126.3,126.3,126.3,126.3,0.26
17-Sep-13,126,126,126,126,0.73
16-Sep-13,125.1,125.1,125.1,125.1,0.39
15-Sep-13,124.6,124.6,124.6,124.6,0.4
14-Sep-13,124.1,124.1,124.1,124.1,-1.92
13-Sep-13,126.5,126.5,126.5,126.5,0.6
12-Sep-13,125.8,125.8,125.8,125.8,0.25
11-Sep-13,125.4,125.4,125.4,125.4,3.29
10-Sep-13,121.5,121.5,121.5,121.5,1.2
9-Sep-13,120,120,120,120,2.94
8-Sep-13,116.6,116.6,116.6,116.6,-2.07
7-Sep-13,119.1,119.1,119.1,119.1,2.35
6-Sep-13,116.3,116.3,116.3,116.3,-3.49
5-Sep-13,120.5,120.5,120.5,120.5,-0.03
4-Sep-13,120.6,120.6,120.6,120.6,-5.5
3-Sep-13,127.6,127.6,127.6,127.6,0.18
2-Sep-13,127.4,127.4,127.4,127.4,-0.7
1-Sep-13,128.3,128.3,128.3,128.3,-0.93
31-Aug-13,129.5,129.5,129.5,129.5,5.06
30-Aug-13,123.2,123.2,123.2,123.2,4.86
29-Aug-13,117.5,117.5,117.5,117.5,-0.06
28-Aug-13,117.6,117.6,117.6,117.6,0.12
27-Aug-13,117.4,117.4,117.4,117.4,4.65
26-Aug-13,112.2,112.2,112.2,112.2,0.39
25-Aug-13,111.8,111.8,111.8,111.8,2.85
24-Aug-13,108.7,108.7,108.7,108.7,1.06
23-Aug-13,107.6,107.6,107.6,107.6,-1.99
22-Aug-13,109.7,109.7,109.7,109.7,-1.53
21-Aug-13,111.4,111.4,111.4,111.4,6.12
20-Aug-13,105,105,105,105,2.65
19-Aug-13,102.3,102.3,102.3,102.3,3.5
18-Aug-13,98.8,98.8,98.8,98.8,-0.72
17-Aug-13,99.6,99.6,99.6,99.6,1.25
16-Aug-13,98.3,98.3,98.3,98.3,0.81
15-Aug-13,97.5,97.5,97.5,97.5,-0.43
14-Aug-13,98,98,98,98,0.06
13-Aug-13,97.9,97.9,97.9,97.9,2.97
12-Aug-13,95.1,95.1,95.1,95.1,0.98
11-Aug-13,94.2,94.2,94.2,94.2,0.93
10-Aug-13,93.3,93.3,93.3,93.3,-0.07
9-Aug-13,93.4,93.4,93.4,93.4,-1.49
8-Aug-13,94.8,94.8,94.8,94.8,-2.22
7-Aug-13,96.9,96.9,96.9,96.9,-0.22
6-Aug-13,97.1,97.1,97.1,97.1,0.22
5-Aug-13,96.9,96.9,96.9,96.9,0.33
4-Aug-13,96.6,96.6,96.6,96.6,-0.06
3-Aug-13,96.7,96.7,96.7,96.7,-0.6
2-Aug-13,97.2,97.2,97.2,97.2,0.85
1-Aug-13,96.4,96.4,96.4,96.4,-1.52
31-Jul-13,97.9,97.9,97.9,97.9,1.66
30-Jul-13,96.3,96.3,96.3,96.3,3.23
29-Jul-13,93.3,93.3,93.3,93.3,1.3
28-Jul-13,92.1,92.1,92.1,92.1,3.37
27-Jul-13,89.1,89.1,89.1,89.1,-1.69
26-Jul-13,90.6,90.6,90.6,90.6,1.36
25-Jul-13,89.4,89.4,89.4,89.4,2.23
24-Jul-13,87.5,87.5,87.5,87.5,0.6
23-Jul-13,86.9,86.9,86.9,86.9,0.99
22-Jul-13,86.1,86.1,86.1,86.1,0.73
21-Jul-13,85.5,85.5,85.5,85.5,-0.23
20-Jul-13,85.7,85.7,85.7,85.7,-0.13
19-Jul-13,85.8,85.8,85.8,85.8,0.41
18-Jul-13,85.4,85.4,85.4,85.4,-5.64
17-Jul-13,90.5,90.5,90.5,90.5,-2.37
16-Jul-13,92.7,92.7,92.7,92.7,-0.43
15-Jul-13,93.1,93.1,93.1,93.1,3.07
14-Jul-13,90.4,90.4,90.4,90.4,-1.12
13-Jul-13,91.4,91.4,91.4,91.4,3.31
12-Jul-13,88.5,88.5,88.5,88.5,-3.03
11-Jul-13,91.2,91.2,91.2,91.2,7.94
10-Jul-13,84.5,84.5,84.5,84.5,13.86
9-Jul-13,74.2,74.2,74.2,74.2,-0.46
8-Jul-13,74.6,74.6,74.6,74.6,2.83
7-Jul-13,72.5,72.5,72.5,72.5,8.47
6-Jul-13,66.8,66.8,66.8,66.8,0.77
5-Jul-13,66.3,66.3,66.3,66.3,-14.6
4-Jul-13,77.7,77.7,77.7,77.7,1.03
3-Jul-13,76.9,76.9,76.9,76.9,-12.29
2-Jul-13,87.7,87.7,87.7,87.7,3.6
1-Jul-13,84.6,84.6,84.6,84.6,-13.23
30-Jun-13,97.5,97.5,97.5,97.5,2.64
29-Jun-13,95,95,95,95,0.36
28-Jun-13,94.7,94.7,94.7,94.7,-6.96
27-Jun-13,101.7,101.7,101.7,101.7,-2.17
26-Jun-13,104,104,104,104,0.65
25-Jun-13,103.3,103.3,103.3,103.3,1.21
24-Jun-13,102.1,102.1,102.1,102.1,-5.38
23-Jun-13,107.9,107.9,107.9,107.9,-0.28
22-Jun-13,108.2,108.2,108.2,108.2,-1.19
21-Jun-13,109.5,109.5,109.5,109.5,-1.61
20-Jun-13,111.3,111.3,111.3,111.3,2.81
19-Jun-13,108.3,108.3,108.3,108.3,0.84
18-Jun-13,107.3,107.3,107.3,107.3,5.3
17-Jun-13,101.9,101.9,101.9,101.9,2.05
16-Jun-13,99.9,99.9,99.9,99.9,0.1
15-Jun-13,99.8,99.8,99.8,99.8,-0.2
14-Jun-13,100,100,100,100,-3.8
13-Jun-13,103.9,103.9,103.9,103.9,-4.44
12-Jun-13,108.8,108.8,108.8,108.8,-0.2
11-Jun-13,109,109,109,109,2.49
10-Jun-13,106.3,106.3,106.3,106.3,5.88
9-Jun-13,100.4,100.4,100.4,100.4,-6.91
8-Jun-13,107.9,107.9,107.9,107.9,-2.8
7-Jun-13,111,111,111,111,-6.7
6-Jun-13,119,119,119,119,-2.4
5-Jun-13,121.9,121.9,121.9,121.9,0.41
4-Jun-13,121.4,121.4,121.4,121.4,0.55
3-Jun-13,120.7,120.7,120.7,120.7,-1.44
2-Jun-13,122.5,122.5,122.5,122.5,-5.26
1-Jun-13,129.3,129.3,129.3,129.3,0.37
31-May-13,128.8,128.8,128.8,128.8,0.02
30-May-13,128.8,128.8,128.8,128.8,-2.61
29-May-13,132.3,132.3,132.3,132.3,2.52
28-May-13,129,129,129,129,-0.59
27-May-13,129.8,129.8,129.8,129.8,-2.79
26-May-13,133.5,133.5,133.5,133.5,1.14
25-May-13,132,132,132,132,-0.83
24-May-13,133.1,133.1,133.1,133.1,5.38
23-May-13,126.3,126.3,126.3,126.3,2.02
22-May-13,123.8,123.8,123.8,123.8,0.74
21-May-13,122.9,122.9,122.9,122.9,0.71
20-May-13,122,122,122,122,-0.39
19-May-13,122.5,122.5,122.5,122.5,-0.58
18-May-13,123.2,123.2,123.2,123.2,-0.23
17-May-13,123.5,123.5,123.5,123.5,4.48
16-May-13,118.2,118.2,118.2,118.2,3.49
15-May-13,114.2,114.2,114.2,114.2,2.53
14-May-13,111.4,111.4,111.4,111.4,-5.58
13-May-13,118,118,118,118,2.75
12-May-13,114.8,114.8,114.8,114.8,-0.71
11-May-13,115.6,115.6,115.6,115.6,-1.75
10-May-13,117.7,117.7,117.7,117.7,4.34
9-May-13,112.8,112.8,112.8,112.8,-0.35
8-May-13,113.2,113.2,113.2,113.2,3.28
7-May-13,109.6,109.6,109.6,109.6,-2.36
6-May-13,112.3,112.3,112.3,112.3,-3.22
5-May-13,116,116,116,116,2.73
4-May-13,112.9,112.9,112.9,112.9,15.09
3-May-13,98.1,98.1,98.1,98.1,-7.67
2-May-13,106.3,106.3,106.3,106.3,-8.7
1-May-13,116.4,116.4,116.4,116.4,-16.41
30-Apr-13,139.2,139.2,139.2,139.2,-3.31
29-Apr-13,144,144,144,144,7.11
28-Apr-13,134.4,134.4,134.4,134.4,5.03
27-Apr-13,128,128,128,128,-6.5
26-Apr-13,136.9,136.9,136.9,136.9,-3.39
25-Apr-13,141.7,141.7,141.7,141.7,-8.1
24-Apr-13,154.2,154.2,154.2,154.2,7.48
23-Apr-13,143.5,143.5,143.5,143.5,12.61
22-Apr-13,127.4,127.4,127.4,127.4,6.88
21-Apr-13,119.2,119.2,119.2,119.2,-5.86
20-Apr-13,126.6,126.6,126.6,126.6,6.87
19-Apr-13,118.5,118.5,118.5,118.5,8.69
18-Apr-13,109,109,109,109,17.13
17-Apr-13,93.1,93.1,93.1,93.1,36.15
16-Apr-13,68.4,68.4,68.4,68.4,-17.03
15-Apr-13,82.4,82.4,82.4,82.4,-8.46
14-Apr-13,90,90,90,90,-3.23
13-Apr-13,93,93,93,93,-20.51
12-Apr-13,117,117,117,117,-6.33
11-Apr-13,124.9,124.9,124.9,124.9,-24.3
10-Apr-13,165,165,165,165,-28.26
9-Apr-13,230,230,230,230,22.67
8-Apr-13,187.5,187.5,187.5,187.5,15.53
7-Apr-13,162.3,162.3,162.3,162.3,13.79
6-Apr-13,142.6,142.6,142.6,142.6,0.22
5-Apr-13,142.3,142.3,142.3,142.3,7.72
4-Apr-13,132.1,132.1,132.1,132.1,-2.13
3-Apr-13,135,135,135,135,14.43
2-Apr-13,118,118,118,118,13.44
1-Apr-13,104,104,104,104,11.79
31-Mar-13,93,93,93,93,0.91
30-Mar-13,92.2,92.2,92.2,92.2,1.87
29-Mar-13,90.5,90.5,90.5,90.5,5.01
28-Mar-13,86.2,86.2,86.2,86.2,-3.08
27-Mar-13,88.9,88.9,88.9,88.9,13.27
26-Mar-13,78.5,78.5,78.5,78.5,6.66
25-Mar-13,73.6,73.6,73.6,73.6,2.94
24-Mar-13,71.5,71.5,71.5,71.5,11.11
23-Mar-13,64.3,64.3,64.3,64.3,-7.89
22-Mar-13,69.9,69.9,69.9,69.9,-1.4
21-Mar-13,70.8,70.8,70.8,70.8,9.86
20-Mar-13,64.5,64.5,64.5,64.5,9.05
19-Mar-13,59.1,59.1,59.1,59.1,14.61
18-Mar-13,51.6,51.6,51.6,51.6,8.86
17-Mar-13,47.4,47.4,47.4,47.4,0.85
16-Mar-13,47,47,47,47,0.11
15-Mar-13,47,47,47,47,-0.47
14-Mar-13,47.2,47.2,47.2,47.2,0.53
13-Mar-13,46.9,46.9,46.9,46.9,5.94
12-Mar-13,44.3,44.3,44.3,44.3,-8.49
11-Mar-13,48.4,48.4,48.4,48.4,5.22
10-Mar-13,46,46,46,46,-1.81
9-Mar-13,46.8,46.8,46.8,46.8,6.04
8-Mar-13,44.2,44.2,44.2,44.2,5.19
7-Mar-13,42,42,42,42,2.39
6-Mar-13,41,41,41,41,1.71
5-Mar-13,40.3,40.3,40.3,40.3,11.56
4-Mar-13,36.2,36.2,36.2,36.2,4.78
3-Mar-13,34.5,34.5,34.5,34.5,0.73
2-Mar-13,34.3,34.3,34.3,34.3,-0.72
1-Mar-13,34.5,34.5,34.5,34.5,3.36
28-Feb-13,33.4,33.4,33.4,33.4,8.03
27-Feb-13,30.9,30.9,30.9,30.9,-0.64
26-Feb-13,31.1,31.1,31.1,31.1,2.3
25-Feb-13,30.4,30.4,30.4,30.4,1.71
24-Feb-13,29.9,29.9,29.9,29.9,0.3
23-Feb-13,29.8,29.8,29.8,29.8,-1.49
22-Feb-13,30.3,30.3,30.3,30.3,1.68
21-Feb-13,29.8,29.8,29.8,29.8,0.37
20-Feb-13,29.6,29.6,29.6,29.6,0.75
19-Feb-13,29.4,29.4,29.4,29.4,9.17
18-Feb-13,27,27,27,27,0.52
17-Feb-13,26.8,26.8,26.8,26.8,-1.51
16-Feb-13,27.2,27.2,27.2,27.2,0.44
15-Feb-13,27.1,27.1,27.1,27.1,-0.44
14-Feb-13,27.2,27.2,27.2,27.2,12.48
13-Feb-13,24.2,24.2,24.2,24.2,-3.85
12-Feb-13,25.2,25.2,25.2,25.2,2.11
11-Feb-13,24.6,24.6,24.6,24.6,2.84
10-Feb-13,24,24,24,24,1.35
9-Feb-13,23.6,23.6,23.6,23.6,4.37
8-Feb-13,22.7,22.7,22.7,22.7,2.3
7-Feb-13,22.1,22.1,22.1,22.1,4.58
6-Feb-13,21.2,21.2,21.2,21.2,2.82
5-Feb-13,20.6,20.6,20.6,20.6,0.83
4-Feb-13,20.4,20.4,20.4,20.4,-0.78
3-Feb-13,20.6,20.6,20.6,20.6,4.89
2-Feb-13,19.6,19.6,19.6,19.6,-4.24
1-Feb-13,20.5,20.5,20.5,20.5,0.44
31-Jan-13,20.4,20.4,20.4,20.4,3.6
30-Jan-13,19.7,19.7,19.7,19.7,0.87
29-Jan-13,19.5,19.5,19.5,19.5,4.33
28-Jan-13,18.7,18.7,18.7,18.7,5.05
27-Jan-13,17.8,17.8,17.8,17.8,-0.34
26-Jan-13,17.9,17.9,17.9,17.9,2.76
25-Jan-13,17.4,17.4,17.4,17.4,2.96
24-Jan-13,16.9,16.9,16.9,16.9,-3.43
23-Jan-13,17.5,17.5,17.5,17.5,1.39
22-Jan-13,17.3,17.3,17.3,17.3,2.74
21-Jan-13,16.8,16.8,16.8,16.8,7.01
20-Jan-13,15.7,15.7,15.7,15.7,0.58
19-Jan-13,15.6,15.6,15.6,15.6,-0.57
18-Jan-13,15.7,15.7,15.7,15.7,1.29
17-Jan-13,15.5,15.5,15.5,15.5,5.23
16-Jan-13,14.7,14.7,14.7,14.7,3.37
15-Jan-13,14.3,14.3,14.3,14.3,-0.35
14-Jan-13,14.3,14.3,14.3,14.3,1.27
13-Jan-13,14.1,14.1,14.1,14.1,-0.84
12-Jan-13,14.2,14.2,14.2,14.2,0.71
11-Jan-13,14.1,14.1,14.1,14.1,0
10-Jan-13,14.1,14.1,14.1,14.1,2.69
9-Jan-13,13.8,13.8,13.8,13.8,0.22
8-Jan-13,13.7,13.7,13.7,13.7,1.1
7-Jan-13,13.6,13.6,13.6,13.6,1.04
6-Jan-13,13.4,13.4,13.4,13.4,0.07
5-Jan-13,13.4,13.4,13.4,13.4,-0.44
4-Jan-13,13.5,13.5,13.5,13.5,0.75
3-Jan-13,13.4,13.4,13.4,13.4,0.9
2-Jan-13,13.3,13.3,13.3,13.3,-0.15
1-Jan-13,13.3,13.3,13.3,13.3,-1.55
31-Dec-12,13.5,13.5,13.5,13.5,0.45
30-Dec-12,13.4,13.4,13.4,13.4,0.37
29-Dec-12,13.4,13.4,13.4,13.4,-0.15
28-Dec-12,13.4,13.4,13.4,13.4,0
27-Dec-12,13.4,13.4,13.4,13.4,-0.37
26-Dec-12,13.5,13.5,13.5,13.5,0.9
25-Dec-12,13.4,13.4,13.4,13.4,-0.22
24-Dec-12,13.4,13.4,13.4,13.4,0.53
23-Dec-12,13.3,13.3,13.3,13.3,-0.45
22-Dec-12,13.4,13.4,13.4,13.4,-0.96
21-Dec-12,13.5,13.5,13.5,13.5,-0.15
20-Dec-12,13.5,13.5,13.5,13.5,-0.59
19-Dec-12,13.6,13.6,13.6,13.6,2.26
18-Dec-12,13.3,13.3,13.3,13.3,0.38
17-Dec-12,13.3,13.3,13.3,13.3,-0.38
16-Dec-12,13.3,13.3,13.3,13.3,-1.41
15-Dec-12,13.5,13.5,13.5,13.5,-0.81
14-Dec-12,13.6,13.6,13.6,13.6,-0.73
13-Dec-12,13.7,13.7,13.7,13.7,0
12-Dec-12,13.7,13.7,13.7,13.7,1.03
11-Dec-12,13.6,13.6,13.6,13.6,0.97
10-Dec-12,13.4,13.4,13.4,13.4,0.3
9-Dec-12,13.4,13.4,13.4,13.4,-0.22
8-Dec-12,13.4,13.4,13.4,13.4,-0.59
7-Dec-12,13.5,13.5,13.5,13.5,1.5
6-Dec-12,13.3,13.3,13.3,13.3,-0.6
5-Dec-12,13.4,13.4,13.4,13.4,-0.22
4-Dec-12,13.4,13.4,13.4,13.4,5.76
3-Dec-12,12.7,12.7,12.7,12.7,1.44
2-Dec-12,12.5,12.5,12.5,12.5,-0.48
1-Dec-12,12.6,12.6,12.6,12.6,0
30-Nov-12,12.6,12.6,12.6,12.6,0.88
29-Nov-12,12.4,12.4,12.4,12.4,0.81
28-Nov-12,12.4,12.4,12.4,12.4,1.23
27-Nov-12,12.2,12.2,12.2,12.2,-0.41
26-Nov-12,12.3,12.3,12.3,12.3,-1.84
25-Nov-12,12.5,12.5,12.5,12.5,0.56
24-Nov-12,12.4,12.4,12.4,12.4,0.57
23-Nov-12,12.3,12.3,12.3,12.3,-0.64
22-Nov-12,12.4,12.4,12.4,12.4,5.52
21-Nov-12,11.8,11.8,11.8,11.8,0.34
20-Nov-12,11.7,11.7,11.7,11.7,-0.59
19-Nov-12,11.8,11.8,11.8,11.8,1.29
18-Nov-12,11.6,11.6,11.6,11.6,-1.19
17-Nov-12,11.8,11.8,11.8,11.8,0.34
16-Nov-12,11.8,11.8,11.8,11.8,4.91
15-Nov-12,11.2,11.2,11.2,11.2,2.28
14-Nov-12,10.9,10.9,10.9,10.9,0
13-Nov-12,10.9,10.9,10.9,10.9,-0.54
12-Nov-12,11,11,11,11,1.29
11-Nov-12,10.9,10.9,10.9,10.9,-0.18
10-Nov-12,10.9,10.9,10.9,10.9,0.74
9-Nov-12,10.8,10.8,10.8,10.8,-1.01
8-Nov-12,10.9,10.9,10.9,10.9,0
7-Nov-12,10.9,10.9,10.9,10.9,0.18
6-Nov-12,10.9,10.9,10.9,10.9,1.4
5-Nov-12,10.8,10.8,10.8,10.8,-0.46
4-Nov-12,10.8,10.8,10.8,10.8,1.5
3-Nov-12,10.6,10.6,10.6,10.6,1.62
2-Nov-12,10.5,10.5,10.5,10.5,-0.95
1-Nov-12,10.6,10.6,10.6,10.6,-5.63
31-Oct-12,11.2,11.2,11.2,11.2,2.85
30-Oct-12,10.9,10.9,10.9,10.9,2.74
29-Oct-12,10.6,10.6,10.6,10.6,-0.93
28-Oct-12,10.7,10.7,10.7,10.7,4.29
27-Oct-12,10.3,10.3,10.3,10.3,0.88
26-Oct-12,10.2,10.2,10.2,10.2,-6.35
25-Oct-12,10.9,10.9,10.9,10.9,-6.78
24-Oct-12,11.6,11.6,11.6,11.6,0
23-Oct-12,11.6,11.6,11.6,11.6,-0.51
22-Oct-12,11.7,11.7,11.7,11.7,0.69
21-Oct-12,11.6,11.6,11.6,11.6,-0.94
20-Oct-12,11.7,11.7,11.7,11.7,0
19-Oct-12,11.7,11.7,11.7,11.7,-1.68
18-Oct-12,11.9,11.9,11.9,11.9,1.1
17-Oct-12,11.8,11.8,11.8,11.8,-0.34
16-Oct-12,11.9,11.9,11.9,11.9,0.08
15-Oct-12,11.8,11.8,11.8,11.8,0.85
14-Oct-12,11.7,11.7,11.7,11.7,-1.01
13-Oct-12,11.9,11.9,11.9,11.9,-1.17
12-Oct-12,12,12,12,12,-0.25
11-Oct-12,12,12,12,12,-0.74
10-Oct-12,12.1,12.1,12.1,12.1,1.93
9-Oct-12,11.9,11.9,11.9,11.9,0.93
8-Oct-12,11.8,11.8,11.8,11.8,-0.17
7-Oct-12,11.8,11.8,11.8,11.8,-5.6
6-Oct-12,12.5,12.5,12.5,12.5,-1.5
5-Oct-12,12.7,12.7,12.7,12.7,-1.25
4-Oct-12,12.9,12.9,12.9,12.9,-0.31
3-Oct-12,12.9,12.9,12.9,12.9,0.39
2-Oct-12,12.8,12.8,12.8,12.8,3.55
1-Oct-12,12.4,12.4,12.4,12.4,0
30-Sep-12,12.4,12.4,12.4,12.4,0.32
29-Sep-12,12.4,12.4,12.4,12.4,-0.24
28-Sep-12,12.4,12.4,12.4,12.4,0.65
27-Sep-12,12.3,12.3,12.3,12.3,0.33
26-Sep-12,12.3,12.3,12.3,12.3,0.57
25-Sep-12,12.2,12.2,12.2,12.2,0.83
24-Sep-12,12.1,12.1,12.1,12.1,-0.74
23-Sep-12,12.2,12.2,12.2,12.2,-0.41
22-Sep-12,12.2,12.2,12.2,12.2,-1.05
21-Sep-12,12.4,12.4,12.4,12.4,0.73
20-Sep-12,12.3,12.3,12.3,12.3,-2.31
19-Sep-12,12.6,12.6,12.6,12.6,2.61
18-Sep-12,12.3,12.3,12.3,12.3,3.03
17-Sep-12,11.9,11.9,11.9,11.9,0.17
16-Sep-12,11.9,11.9,11.9,11.9,1.02
15-Sep-12,11.8,11.8,11.8,11.8,0.69
14-Sep-12,11.7,11.7,11.7,11.7,2.37
13-Sep-12,11.4,11.4,11.4,11.4,0.35
12-Sep-12,11.4,11.4,11.4,11.4,0.26
11-Sep-12,11.3,11.3,11.3,11.3,1.43
10-Sep-12,11.2,11.2,11.2,11.2,1.36
9-Sep-12,11,11,11,11,-0.18
8-Sep-12,11,11,11,11,0.36
7-Sep-12,11,11,11,11,-1.61
6-Sep-12,11.2,11.2,11.2,11.2,1.64
5-Sep-12,11,11,11,11,5.97
4-Sep-12,10.4,10.4,10.4,10.4,-1.42
3-Sep-12,10.5,10.5,10.5,10.5,3.24
2-Sep-12,10.2,10.2,10.2,10.2,2.31
1-Sep-12,10,10,10,10,-1.87
31-Aug-12,10.2,10.2,10.2,10.2,-5.75
30-Aug-12,10.8,10.8,10.8,10.8,-1.28
29-Aug-12,10.9,10.9,10.9,10.9,-0.18
28-Aug-12,10.9,10.9,10.9,10.9,-0.09
27-Aug-12,10.9,10.9,10.9,10.9,3.2
26-Aug-12,10.6,10.6,10.6,10.6,0.86
25-Aug-12,10.5,10.5,10.5,10.5,-0.75
24-Aug-12,10.6,10.6,10.6,10.6,4.95
23-Aug-12,10.1,10.1,10.1,10.1,2.96
22-Aug-12,9.8,9.8,9.8,9.8,-1.01
21-Aug-12,9.9,9.9,9.9,9.9,-1.88
20-Aug-12,10.1,10.1,10.1,10.1,26.25
19-Aug-12,8,8,8,8,-31.09
18-Aug-12,11.6,11.6,11.6,11.6,0.26
17-Aug-12,11.6,11.6,11.6,11.6,-14.22
16-Aug-12,13.5,13.5,13.5,13.5,1.89
15-Aug-12,13.3,13.3,13.3,13.3,8.7
14-Aug-12,12.2,12.2,12.2,12.2,1.25
13-Aug-12,12,12,12,12,3.61
12-Aug-12,11.6,11.6,11.6,11.6,0.96
11-Aug-12,11.5,11.5,11.5,11.5,1.05
10-Aug-12,11.4,11.4,11.4,11.4,2.98
9-Aug-12,11.1,11.1,11.1,11.1,0
8-Aug-12,11.1,11.1,11.1,11.1,-0.36
7-Aug-12,11.1,11.1,11.1,11.1,2.21
6-Aug-12,10.9,10.9,10.9,10.9,-0.09
5-Aug-12,10.9,10.9,10.9,10.9,-1
4-Aug-12,11,11,11,11,0.09
3-Aug-12,11,11,11,11,4.18
2-Aug-12,10.5,10.5,10.5,10.5,10.26
1-Aug-12,9.6,9.6,9.6,9.6,2.14
31-Jul-12,9.4,9.4,9.4,9.4,2.75
30-Jul-12,9.1,9.1,9.1,9.1,4.48
29-Jul-12,8.7,8.7,8.7,8.7,-2.02
28-Jul-12,8.9,8.9,8.9,8.9,-0.11
27-Jul-12,8.9,8.9,8.9,8.9,0
26-Jul-12,8.9,8.9,8.9,8.9,1.14
25-Jul-12,8.8,8.8,8.8,8.8,2.33
24-Jul-12,8.6,8.6,8.6,8.6,1.78
23-Jul-12,8.4,8.4,8.4,8.4,0.48
22-Jul-12,8.4,8.4,8.4,8.4,-4.97
21-Jul-12,8.9,8.9,8.9,8.9,3.87
20-Jul-12,8.5,8.5,8.5,8.5,-3.95
19-Jul-12,8.9,8.9,8.9,8.9,-2.63
18-Jul-12,9.1,9.1,9.1,9.1,3.52
17-Jul-12,8.8,8.8,8.8,8.8,3.53
16-Jul-12,8.5,8.5,8.5,8.5,11.55
15-Jul-12,7.6,7.6,7.6,7.6,1.06
14-Jul-12,7.5,7.5,7.5,7.5,-1.69
13-Jul-12,7.7,7.7,7.7,7.7,-1.16
12-Jul-12,7.8,7.8,7.8,7.8,8.53
11-Jul-12,7.2,7.2,7.2,7.2,-0.69
10-Jul-12,7.2,7.2,7.2,7.2,2.56
9-Jul-12,7,7,7,7,3.24
8-Jul-12,6.8,6.8,6.8,6.8,0.59
7-Jul-12,6.8,6.8,6.8,6.8,1.65
6-Jul-12,6.7,6.7,6.7,6.7,-0.3
5-Jul-12,6.7,6.7,6.7,6.7,2.46
4-Jul-12,6.5,6.5,6.5,6.5,0.93
3-Jul-12,6.4,6.4,6.4,6.4,-4.59
2-Jul-12,6.8,6.8,6.8,6.8,1.96
1-Jul-12,6.6,6.6,6.6,6.6,-0.9
30-Jun-12,6.7,6.7,6.7,6.7,0.6
29-Jun-12,6.7,6.7,6.7,6.7,0.61
28-Jun-12,6.6,6.6,6.6,6.6,-0.6
27-Jun-12,6.7,6.7,6.7,6.7,3.58
26-Jun-12,6.4,6.4,6.4,6.4,1.9
25-Jun-12,6.3,6.3,6.3,6.3,-0.79
24-Jun-12,6.3,6.3,6.3,6.3,-1.24
23-Jun-12,6.4,6.4,6.4,6.4,-1.83
22-Jun-12,6.6,6.6,6.6,6.6,-1.95
21-Jun-12,6.7,6.7,6.7,6.7,0.15
20-Jun-12,6.7,6.7,6.7,6.7,2.62
19-Jun-12,6.5,6.5,6.5,6.5,3.01
18-Jun-12,6.3,6.3,6.3,6.3,2.44
17-Jun-12,6.2,6.2,6.2,6.2,-3.75
16-Jun-12,6.4,6.4,6.4,6.4,-1.54
15-Jun-12,6.5,6.5,6.5,6.5,9.24
14-Jun-12,5.9,5.9,5.9,5.9,0.34
13-Jun-12,5.9,5.9,5.9,5.9,4.04
12-Jun-12,5.7,5.7,5.7,5.7,2.33
11-Jun-12,5.6,5.6,5.6,5.6,1.83
10-Jun-12,5.5,5.5,5.5,5.5,-1.62
9-Jun-12,5.6,5.6,5.6,5.6,-1.24
8-Jun-12,5.6,5.6,5.6,5.6,0.72
7-Jun-12,5.6,5.6,5.6,5.6,2.38
6-Jun-12,5.5,5.5,5.5,5.5,0.37
5-Jun-12,5.4,5.4,5.4,5.4,3.23
4-Jun-12,5.3,5.3,5.3,5.3,1.15
3-Jun-12,5.2,5.2,5.2,5.2,-0.76
2-Jun-12,5.3,5.3,5.3,5.3,-0.38
1-Jun-12,5.3,5.3,5.3,5.3,1.74
31-May-12,5.2,5.2,5.2,5.2,0.97
30-May-12,5.1,5.1,5.1,5.1,-0.39
29-May-12,5.2,5.2,5.2,5.2,0.19
28-May-12,5.1,5.1,5.1,5.1,0
27-May-12,5.1,5.1,5.1,5.1,0.78
26-May-12,5.1,5.1,5.1,5.1,-0.97
25-May-12,5.2,5.2,5.2,5.2,0.59
24-May-12,5.1,5.1,5.1,5.1,-0.39
23-May-12,5.1,5.1,5.1,5.1,0.78
22-May-12,5.1,5.1,5.1,5.1,0
21-May-12,5.1,5.1,5.1,5.1,0.2
20-May-12,5.1,5.1,5.1,5.1,-0.2
19-May-12,5.1,5.1,5.1,5.1,-0.39
18-May-12,5.1,5.1,5.1,5.1,0.39
17-May-12,5.1,5.1,5.1,5.1,0.2
16-May-12,5.1,5.1,5.1,5.1,1.19
15-May-12,5,5,5,5,0.4
14-May-12,5,5,5,5,1.62
13-May-12,4.9,4.9,4.9,4.9,-0.4
12-May-12,4.9,4.9,4.9,4.9,-0.2
11-May-12,5,5,5,5,2.27
10-May-12,4.8,4.8,4.8,4.8,-3.77
9-May-12,5,5,5,5,-0.2
8-May-12,5.1,5.1,5.1,5.1,-0.2
7-May-12,5.1,5.1,5.1,5.1,0.2
6-May-12,5.1,5.1,5.1,5.1,-0.59
5-May-12,5.1,5.1,5.1,5.1,0.2
4-May-12,5.1,5.1,5.1,5.1,-1.17
3-May-12,5.1,5.1,5.1,5.1,1.18
2-May-12,5.1,5.1,5.1,5.1,1.4
1-May-12,5,5,5,5,1.01
30-Apr-12,4.9,4.9,4.9,4.9,1.02
29-Apr-12,4.9,4.9,4.9,4.9,-1.61
28-Apr-12,5,5,5,5,-2.54
27-Apr-12,5.1,5.1,5.1,5.1,0.2
26-Apr-12,5.1,5.1,5.1,5.1,-0.58
25-Apr-12,5.1,5.1,5.1,5.1,0.59
24-Apr-12,5.1,5.1,5.1,5.1,2.82
23-Apr-12,5,5,5,5,-4.62
22-Apr-12,5.2,5.2,5.2,5.2,-1.14
21-Apr-12,5.3,5.3,5.3,5.3,-1.68
20-Apr-12,5.3,5.3,5.3,5.3,4.09
19-Apr-12,5.1,5.1,5.1,5.1,0.39
18-Apr-12,5.1,5.1,5.1,5.1,2.81
17-Apr-12,5,5,5,5,1.01
16-Apr-12,4.9,4.9,4.9,4.9,-0.8
15-Apr-12,5,5,5,5,0.2
14-Apr-12,5,5,5,5,0.4
13-Apr-12,4.9,4.9,4.9,4.9,0.41
12-Apr-12,4.9,4.9,4.9,4.9,-0.2
11-Apr-12,4.9,4.9,4.9,4.9,1.86
10-Apr-12,4.8,4.8,4.8,4.8,-0.62
9-Apr-12,4.9,4.9,4.9,4.9,1.67
8-Apr-12,4.8,4.8,4.8,4.8,2.13
7-Apr-12,4.7,4.7,4.7,4.7,-5.25
6-Apr-12,4.9,4.9,4.9,4.9,0.61
5-Apr-12,4.9,4.9,4.9,4.9,0.2
4-Apr-12,4.9,4.9,4.9,4.9,-0.81
3-Apr-12,4.9,4.9,4.9,4.9,-0.4
2-Apr-12,5,5,5,5,2.9
1-Apr-12,4.8,4.8,4.8,4.8,-1.63
31-Mar-12,4.9,4.9,4.9,4.9,1.03
30-Mar-12,4.9,4.9,4.9,4.9,1.04
29-Mar-12,4.8,4.8,4.8,4.8,0.42
28-Mar-12,4.8,4.8,4.8,4.8,-0.42
27-Mar-12,4.8,4.8,4.8,4.8,4.11
26-Mar-12,4.6,4.6,4.6,4.6,1.54
25-Mar-12,4.6,4.6,4.6,4.6,-2.78
24-Mar-12,4.7,4.7,4.7,4.7,-0.21
23-Mar-12,4.7,4.7,4.7,4.7,-0.21
22-Mar-12,4.7,4.7,4.7,4.7,-2.29
21-Mar-12,4.8,4.8,4.8,4.8,-0.62
20-Mar-12,4.8,4.8,4.8,4.8,3.2
19-Mar-12,4.7,4.7,4.7,4.7,-11.17
18-Mar-12,5.3,5.3,5.3,5.3,1.15
17-Mar-12,5.2,5.2,5.2,5.2,-2.25
16-Mar-12,5.3,5.3,5.3,5.3,0.19
15-Mar-12,5.3,5.3,5.3,5.3,-0.93
14-Mar-12,5.4,5.4,5.4,5.4,2.09
13-Mar-12,5.3,5.3,5.3,5.3,7.77
12-Mar-12,4.9,4.9,4.9,4.9,-0.41
11-Mar-12,4.9,4.9,4.9,4.9,1.66
10-Mar-12,4.8,4.8,4.8,4.8,-0.62
9-Mar-12,4.9,4.9,4.9,4.9,-1.42
8-Mar-12,4.9,4.9,4.9,4.9,-0.2
7-Mar-12,4.9,4.9,4.9,4.9,-1
6-Mar-12,5,5,5,5,0.2
5-Mar-12,5,5,5,5,3.32
4-Mar-12,4.8,4.8,4.8,4.8,4.56
3-Mar-12,4.6,4.6,4.6,4.6,-1.91
2-Mar-12,4.7,4.7,4.7,4.7,-4.47
1-Mar-12,4.9,4.9,4.9,4.9,1.23
29-Feb-12,4.9,4.9,4.9,4.9,-0.21
28-Feb-12,4.9,4.9,4.9,4.9,-1.81
27-Feb-12,5,5,5,5,0.81
26-Feb-12,4.9,4.9,4.9,4.9,3.14
25-Feb-12,4.8,4.8,4.8,4.8,-5.17
24-Feb-12,5,5,5,5,0.4
23-Feb-12,5,5,5,5,13.35
22-Feb-12,4.4,4.4,4.4,4.4,3.51
21-Feb-12,4.3,4.3,4.3,4.3,-2.06
20-Feb-12,4.4,4.4,4.4,4.4,-0.68
19-Feb-12,4.4,4.4,4.4,4.4,4.03
18-Feb-12,4.2,4.2,4.2,4.2,-4.31
17-Feb-12,4.4,4.4,4.4,4.4,3.28
16-Feb-12,4.3,4.3,4.3,4.3,-1.39
15-Feb-12,4.3,4.3,4.3,4.3,-2.91
14-Feb-12,4.5,4.5,4.5,4.5,-15.21
13-Feb-12,5.3,5.3,5.3,5.3,-4.54
12-Feb-12,5.5,5.5,5.5,5.5,-1.61
11-Feb-12,5.6,5.6,5.6,5.6,-5.25
10-Feb-12,5.9,5.9,5.9,5.9,1.37
9-Feb-12,5.8,5.8,5.8,5.8,4.11
8-Feb-12,5.6,5.6,5.6,5.6,-1.58
7-Feb-12,5.7,5.7,5.7,5.7,4.4
6-Feb-12,5.4,5.4,5.4,5.4,-4.22
5-Feb-12,5.7,5.7,5.7,5.7,-3.07
4-Feb-12,5.9,5.9,5.9,5.9,-1.51
3-Feb-12,6,6,6,6,-2.3
2-Feb-12,6.1,6.1,6.1,6.1,0.33