,Date,SAR,AF
0,2-Feb-12,,
1,3-Feb-12,,
2,4-Feb-12,,
3,5-Feb-12,5.7,0.02
4,6-Feb-12,5.7,0.04
5,7-Feb-12,5.688000000000001,0.04
6,8-Feb-12,5.676480000000001,0.04
7,9-Feb-12,5.665420800000001,0.04
8,10-Feb-12,5.654803968,0.04
9,11-Feb-12,,
10,12-Feb-12,,
11,13-Feb-12,,
12,14-Feb-12,4.5,0.02
13,15-Feb-12,4.522,0.02
14,16-Feb-12,4.54356,0.02
15,17-Feb-12,4.5646888,0.02
16,18-Feb-12,,
17,19-Feb-12,,
18,20-Feb-12,,
19,21-Feb-12,,
20,22-Feb-12,,
21,23-Feb-12,5.0,0.02
22,24-Feb-12,5.0,0.02
23,25-Feb-12,5.0,0.02
24,26-Feb-12,5.0,0.02
25,27-Feb-12,5.0,0.02
26,28-Feb-12,5.0,0.02
27,29-Feb-12,,
28,1-Mar-12,,
29,2-Mar-12,,
30,3-Mar-12,4.6,0.02
31,4-Mar-12,4.6,0.02
32,5-Mar-12,4.6,0.02
33,6-Mar-12,4.6,0.02
34,7-Mar-12,4.6,0.02
35,8-Mar-12,4.6,0.02
36,9-Mar-12,4.6,0.02
37,10-Mar-12,4.6,0.02
38,11-Mar-12,4.6,0.02
39,12-Mar-12,4.6,0.02
40,13-Mar-12,4.6,0.02
41,14-Mar-12,4.6,0.02
42,15-Mar-12,,
43,16-Mar-12,,
44,17-Mar-12,,
45,18-Mar-12,5.3,0.02
46,19-Mar-12,,
47,20-Mar-12,,
48,21-Mar-12,,
49,22-Mar-12,,
50,23-Mar-12,,
51,24-Mar-12,4.7,0.02
52,25-Mar-12,4.702,0.02
53,26-Mar-12,4.70396,0.02
54,27-Mar-12,4.7058808,0.02
55,28-Mar-12,4.707763184,0.02
56,29-Mar-12,4.70960792032,0.02
57,30-Mar-12,4.7114157619135995,0.04
58,31-Mar-12,4.718959131437056,0.04
59,1-Apr-12,4.7262007661795735,0.04
60,2-Apr-12,4.733152735532391,0.06
61,3-Apr-12,4.749163571400447,0.06
62,4-Apr-12,,
63,5-Apr-12,,
64,6-Apr-12,,
65,7-Apr-12,4.7,0.02
66,8-Apr-12,4.7,0.02
67,9-Apr-12,4.7,0.02
68,10-Apr-12,4.7,0.02
69,11-Apr-12,4.7,0.02
70,12-Apr-12,4.7,0.02
71,13-Apr-12,4.7,0.02
72,14-Apr-12,4.7,0.02
73,15-Apr-12,4.7,0.02
74,16-Apr-12,4.7,0.02
75,17-Apr-12,4.7,0.02
76,18-Apr-12,4.7,0.02
77,19-Apr-12,4.7,0.02
78,20-Apr-12,4.7,0.02
79,21-Apr-12,4.7,0.02
80,22-Apr-12,4.7,0.02
81,23-Apr-12,4.7,0.02
82,24-Apr-12,4.7,0.02
83,25-Apr-12,4.7,0.02
84,26-Apr-12,4.7,0.02
85,27-Apr-12,4.7,0.02
86,28-Apr-12,4.7,0.02
87,29-Apr-12,4.7,0.02
88,30-Apr-12,4.7,0.02
89,1-May-12,4.7,0.02
90,2-May-12,4.7,0.02
91,3-May-12,4.7,0.02
92,4-May-12,4.7,0.02
93,5-May-12,4.7,0.02
94,6-May-12,4.7,0.02
95,7-May-12,4.7,0.02
96,8-May-12,4.7,0.02
97,9-May-12,4.7,0.02
98,10-May-12,4.7,0.02
99,11-May-12,4.7,0.02
100,12-May-12,,
101,13-May-12,,
102,14-May-12,,
103,15-May-12,5.0,0.02
104,16-May-12,5.0,0.04
105,17-May-12,5.004,0.04
106,18-May-12,5.00784,0.04
107,19-May-12,5.0115264,0.04
108,20-May-12,5.015065344,0.04
109,21-May-12,5.01846273024,0.04
110,22-May-12,5.021724221030399,0.04
111,23-May-12,5.024855252189183,0.04
112,24-May-12,5.027861042101615,0.04
113,25-May-12,5.030746600417551,0.06
114,26-May-12,5.040901804392498,0.06
115,27-May-12,,
116,28-May-12,,
117,29-May-12,,
118,30-May-12,,
119,31-May-12,,
120,1-Jun-12,,
121,2-Jun-12,5.3,0.02
122,3-Jun-12,5.3,0.02
123,4-Jun-12,5.3,0.02
124,5-Jun-12,5.3,0.04
125,6-Jun-12,5.304,0.06
126,7-Jun-12,5.31576,0.08
127,8-Jun-12,5.3384992,0.08
128,9-Jun-12,5.3594192640000005,0.08
129,10-Jun-12,5.37866572288,0.08
130,11-Jun-12,5.3963724650496,0.08
131,12-Jun-12,5.412662667845632,0.1
132,13-Jun-12,5.441396401061069,0.12000000000000001
133,14-Jun-12,5.4964288329337405,0.12000000000000001
134,15-Jun-12,5.544857372981692,0.14
135,16-Jun-12,5.678577340764255,0.14
136,17-Jun-12,,
137,18-Jun-12,,
138,19-Jun-12,,
139,20-Jun-12,,
140,21-Jun-12,,
141,22-Jun-12,6.6,0.02
142,23-Jun-12,6.601999999999999,0.02
143,24-Jun-12,6.60396,0.02
144,25-Jun-12,6.6058807999999996,0.02
145,26-Jun-12,6.6077631839999995,0.02
146,27-Jun-12,6.609607920319999,0.02
147,28-Jun-12,6.611415761913599,0.02
148,29-Jun-12,,
149,30-Jun-12,,
150,1-Jul-12,,
151,2-Jul-12,6.8,0.02
152,3-Jul-12,,
153,4-Jul-12,,
154,5-Jul-12,,
155,6-Jul-12,6.7,0.02
156,7-Jul-12,6.7,0.04
157,8-Jul-12,6.704,0.04
158,9-Jul-12,6.70784,0.06
159,10-Jul-12,6.7253696,0.08
160,11-Jul-12,6.7633400319999994,0.08
161,12-Jul-12,6.798272829439999,0.1
162,13-Jul-12,6.898445546495999,0.1
163,14-Jul-12,,
164,15-Jul-12,,
165,16-Jul-12,,
166,17-Jul-12,,
167,18-Jul-12,,
168,19-Jul-12,8.9,0.02
169,20-Jul-12,,
170,21-Jul-12,,
171,22-Jul-12,,
172,23-Jul-12,,
173,24-Jul-12,,
174,25-Jul-12,8.8,0.02
175,26-Jul-12,8.8,0.04
176,27-Jul-12,8.804,0.04
177,28-Jul-12,8.80784,0.04
178,29-Jul-12,8.8115264,0.04
179,30-Jul-12,8.815065344,0.06
180,31-Jul-12,8.83216142336,0.08
181,1-Aug-12,8.8775885094912,0.1
182,2-Aug-12,8.94982965854208,0.12000000000000001
183,3-Aug-12,9.13585009951703,0.14
184,4-Aug-12,9.396831085584646,0.14
185,5-Aug-12,9.621274733602796,0.14
186,6-Aug-12,9.814296270898405,0.14
187,7-Aug-12,9.980294792972629,0.16
188,8-Aug-12,10.159447626097007,0.16
189,9-Aug-12,10.309936005921486,0.16
190,10-Aug-12,10.436346244974049,0.18
191,11-Aug-12,10.60980392087872,0.18
192,12-Aug-12,10.770039215120551,0.18
193,13-Aug-12,10.919432156398852,0.18
194,14-Aug-12,11.113934368247058,0.18
195,15-Aug-12,11.309426181962587,0.18
196,16-Aug-12,11.667729469209322,0.18
197,17-Aug-12,11.997538164751644,0.18
198,18-Aug-12,,
199,19-Aug-12,,
200,20-Aug-12,,
201,21-Aug-12,9.9,0.02
202,22-Aug-12,9.862,0.02
203,23-Aug-12,9.82476,0.02
204,24-Aug-12,9.7882648,0.02
205,25-Aug-12,,
206,26-Aug-12,,
207,27-Aug-12,,
208,28-Aug-12,10.9,0.02
209,29-Aug-12,10.9,0.02
210,30-Aug-12,10.9,0.02
211,31-Aug-12,10.9,0.02
212,1-Sep-12,10.9,0.02
213,2-Sep-12,10.9,0.02
214,3-Sep-12,10.9,0.02
215,4-Sep-12,,
216,5-Sep-12,,
217,6-Sep-12,,
218,7-Sep-12,,
219,8-Sep-12,,
220,9-Sep-12,,
221,10-Sep-12,,
222,11-Sep-12,11.3,0.02
223,12-Sep-12,11.294,0.02
224,13-Sep-12,11.288120000000001,0.02
225,14-Sep-12,11.282357600000001,0.02
226,15-Sep-12,11.276710448000001,0.02
227,16-Sep-12,11.27117623904,0.02
228,17-Sep-12,11.2657527142592,0.02
229,18-Sep-12,11.260437659974016,0.02
230,19-Sep-12,11.255228906774535,0.02
231,20-Sep-12,,
232,21-Sep-12,,
233,22-Sep-12,,
234,23-Sep-12,,
235,24-Sep-12,,
236,25-Sep-12,12.2,0.02
237,26-Sep-12,12.197999999999999,0.02
238,27-Sep-12,12.196039999999998,0.02
239,28-Sep-12,12.194119199999998,0.02
240,29-Sep-12,12.192236815999998,0.02
241,30-Sep-12,12.190392079679997,0.02
242,1-Oct-12,12.188584238086397,0.02
243,2-Oct-12,12.18681255332467,0.02
244,3-Oct-12,12.185076302258176,0.02
245,4-Oct-12,12.183374776213013,0.02
246,5-Oct-12,12.181707280688752,0.02
247,6-Oct-12,12.180073135074977,0.02
248,7-Oct-12,12.178471672373478,0.04
249,8-Oct-12,12.16333280547854,0.04
250,9-Oct-12,12.148799493259398,0.04
251,10-Oct-12,12.134847513529023,0.04
252,11-Oct-12,12.121453612987862,0.04
253,12-Oct-12,12.108595468468348,0.04
254,13-Oct-12,12.096251649729615,0.04
255,14-Oct-12,12.08440158374043,0.06
256,15-Oct-12,12.061337488716005,0.06
257,16-Oct-12,12.039657239393044,0.06
258,17-Oct-12,12.01927780502946,0.06
259,18-Oct-12,12.000121136727692,0.06
260,19-Oct-12,11.982113868524031,0.06
261,20-Oct-12,11.965187036412589,0.06
262,21-Oct-12,11.949275814227834,0.08
263,22-Oct-12,11.921333749089607,0.08
264,23-Oct-12,11.895627049162439,0.08
265,24-Oct-12,11.871976885229444,0.08
266,25-Oct-12,11.850218734411088,0.1
267,26-Oct-12,11.75519686096998,0.12000000000000001
268,27-Oct-12,11.568573237653581,0.12000000000000001
269,28-Oct-12,11.40434444913515,0.12000000000000001
270,29-Oct-12,11.259823115238932,0.12000000000000001
271,30-Oct-12,11.132644341410261,0.12000000000000001
272,31-Oct-12,11.02072702044103,0.12000000000000001
273,1-Nov-12,,
274,2-Nov-12,,
275,3-Nov-12,,
276,4-Nov-12,10.8,0.02
277,5-Nov-12,10.8,0.02
278,6-Nov-12,10.8,0.04
279,7-Nov-12,10.804,0.04
280,8-Nov-12,10.80784,0.04
281,9-Nov-12,10.8115264,0.04
282,10-Nov-12,10.815065344,0.04
283,11-Nov-12,10.81846273024,0.04
284,12-Nov-12,10.8217242210304,0.06
285,13-Nov-12,,
286,14-Nov-12,,
287,15-Nov-12,,
288,16-Nov-12,11.8,0.02
289,17-Nov-12,11.782,0.02
290,18-Nov-12,11.76436,0.02
291,19-Nov-12,11.7470728,0.02
292,20-Nov-12,,
293,21-Nov-12,,
294,22-Nov-12,,
295,23-Nov-12,12.3,0.02
296,24-Nov-12,,
297,25-Nov-12,,
298,26-Nov-12,,
299,27-Nov-12,,
300,28-Nov-12,,
301,29-Nov-12,12.4,0.02
302,30-Nov-12,12.4,0.04
303,1-Dec-12,12.408,0.04
304,2-Dec-12,12.41568,0.04
305,3-Dec-12,12.4230528,0.06
306,4-Dec-12,12.439669632000001,0.08
307,5-Dec-12,12.516496061440002,0.08
308,6-Dec-12,12.587176376524802,0.08
309,7-Dec-12,12.652202266402817,0.1
310,8-Dec-12,12.736982039762536,0.1
311,9-Dec-12,,
312,10-Dec-12,,
313,11-Dec-12,,
314,12-Dec-12,13.7,0.02
315,13-Dec-12,13.693999999999999,0.02
316,14-Dec-12,13.68812,0.02
317,15-Dec-12,13.6823576,0.02
318,16-Dec-12,13.676710448,0.04
319,17-Dec-12,13.66164203008,0.04
320,18-Dec-12,13.6471763488768,0.04
321,19-Dec-12,13.633289294921727,0.04
322,20-Dec-12,,
323,21-Dec-12,,
324,22-Dec-12,,
325,23-Dec-12,13.3,0.02
326,24-Dec-12,13.304,0.02
327,25-Dec-12,13.307920000000001,0.02
328,26-Dec-12,13.3117616,0.02
329,27-Dec-12,,
330,28-Dec-12,,
331,29-Dec-12,,
332,30-Dec-12,13.4,0.02
333,31-Dec-12,13.4,0.02
334,1-Jan-13,,
335,2-Jan-13,,
336,3-Jan-13,,
337,4-Jan-13,13.5,0.02
338,5-Jan-13,13.5,0.02
339,6-Jan-13,,
340,7-Jan-13,,
341,8-Jan-13,,
342,9-Jan-13,,
343,10-Jan-13,,
344,11-Jan-13,14.1,0.02
345,12-Jan-13,14.1,0.04
346,13-Jan-13,14.104,0.04
347,14-Jan-13,,
348,15-Jan-13,,
349,16-Jan-13,,
350,17-Jan-13,15.5,0.02
351,18-Jan-13,15.476,0.02
352,19-Jan-13,,
353,20-Jan-13,,
354,21-Jan-13,,
355,22-Jan-13,17.3,0.02
356,23-Jan-13,17.3,0.04
357,24-Jan-13,17.308,0.04
358,25-Jan-13,,
359,26-Jan-13,,
360,27-Jan-13,,
361,28-Jan-13,,
362,29-Jan-13,,
363,30-Jan-13,19.7,0.02
364,31-Jan-13,19.7,0.04
365,1-Feb-13,19.727999999999998,0.06
366,2-Feb-13,19.77432,0.06
367,3-Feb-13,,
368,4-Feb-13,,
369,5-Feb-13,,
370,6-Feb-13,21.2,0.02
371,7-Feb-13,21.183999999999997,0.02
372,8-Feb-13,21.168319999999998,0.02
373,9-Feb-13,21.152953599999996,0.02
374,10-Feb-13,21.137894527999997,0.02
375,11-Feb-13,21.12313663744,0.02
376,12-Feb-13,21.108673904691198,0.02
377,13-Feb-13,,
378,14-Feb-13,,
379,15-Feb-13,,
380,16-Feb-13,,
381,17-Feb-13,,
382,18-Feb-13,,
383,19-Feb-13,29.4,0.02
384,20-Feb-13,29.348,0.02
385,21-Feb-13,29.29704,0.02
386,22-Feb-13,29.247099199999997,0.02
387,23-Feb-13,,
388,24-Feb-13,,
389,25-Feb-13,,
390,26-Feb-13,31.1,0.02
391,27-Feb-13,31.1,0.02
392,28-Feb-13,,
393,1-Mar-13,,
394,2-Mar-13,,
395,3-Mar-13,,
396,4-Mar-13,,
397,5-Mar-13,40.3,0.02
398,6-Mar-13,40.3,0.04
399,7-Mar-13,40.327999999999996,0.06
400,8-Mar-13,40.42832,0.08
401,9-Mar-13,40.7300544,0.1
402,10-Mar-13,41.33704896,0.1
403,11-Mar-13,,
404,12-Mar-13,,
405,13-Mar-13,,
406,14-Mar-13,47.2,0.02
407,15-Mar-13,,
408,16-Mar-13,,
409,17-Mar-13,,
410,18-Mar-13,51.6,0.02
411,19-Mar-13,51.6,0.04
412,20-Mar-13,51.9,0.06
413,21-Mar-13,52.656,0.08
414,22-Mar-13,54.10752,0.08
415,23-Mar-13,,
416,24-Mar-13,,
417,25-Mar-13,,
418,26-Mar-13,,
419,27-Mar-13,,
420,28-Mar-13,86.2,0.02
421,29-Mar-13,,
422,30-Mar-13,,
423,31-Mar-13,,
424,1-Apr-13,104.0,0.02
425,2-Apr-13,103.73,0.02
426,3-Apr-13,103.4654,0.02
427,4-Apr-13,,
428,5-Apr-13,,
429,6-Apr-13,,
430,7-Apr-13,162.3,0.02
431,8-Apr-13,162.3,0.04
432,9-Apr-13,163.30800000000002,0.06
433,10-Apr-13,167.30952000000002,0.06
434,11-Apr-13,,
435,12-Apr-13,,
436,13-Apr-13,,
437,14-Apr-13,90.0,0.02
438,15-Apr-13,90.0,0.04
439,16-Apr-13,89.696,0.06
440,17-Apr-13,88.41824,0.06
441,18-Apr-13,87.2171456,0.06
442,19-Apr-13,86.088116864,0.06
443,20-Apr-13,85.02682985216,0.06
444,21-Apr-13,,
445,22-Apr-13,,
446,23-Apr-13,,
447,24-Apr-13,154.2,0.02
448,25-Apr-13,154.2,0.02
449,26-Apr-13,,
450,27-Apr-13,,
451,28-Apr-13,,
452,29-Apr-13,144.0,0.02
453,30-Apr-13,,
454,1-May-13,,
455,2-May-13,,
456,3-May-13,98.1,0.02
457,4-May-13,98.922,0.02
458,5-May-13,99.72756,0.02
459,6-May-13,,
460,7-May-13,,
461,8-May-13,,
462,9-May-13,,
463,10-May-13,,
464,11-May-13,,
465,12-May-13,,
466,13-May-13,,
467,14-May-13,,
468,15-May-13,,
469,16-May-13,,
470,17-May-13,123.5,0.02
471,18-May-13,123.5,0.02
472,19-May-13,,
473,20-May-13,,
474,21-May-13,,
475,22-May-13,123.8,0.02
476,23-May-13,123.764,0.02
477,24-May-13,123.72872,0.02
478,25-May-13,,
479,26-May-13,,
480,27-May-13,,
481,28-May-13,,
482,29-May-13,,
483,30-May-13,,
484,31-May-13,,
485,1-Jun-13,,
486,2-Jun-13,,
487,3-Jun-13,,
488,4-Jun-13,,
489,5-Jun-13,121.9,0.02
490,6-Jun-13,121.876,0.04
491,7-Jun-13,121.76096000000001,0.06
492,8-Jun-13,121.1153024,0.08
493,9-Jun-13,120.058078208,0.1
494,10-Jun-13,118.0922703872,0.1
495,11-Jun-13,116.32304334848,0.1
496,12-Jun-13,114.730739013632,0.1
497,13-Jun-13,113.2976651122688,0.1
498,14-Jun-13,112.00789860104192,0.12000000000000001
499,15-Jun-13,110.56695076891688,0.14
500,16-Jun-13,109.05957766126852,0.14
501,17-Jun-13,107.76323678869093,0.14
502,18-Jun-13,106.6483836382742,0.14
503,19-Jun-13,105.68960992891581,0.14
504,20-Jun-13,104.8650645388676,0.14
505,21-Jun-13,,
506,22-Jun-13,,
507,23-Jun-13,,
508,24-Jun-13,102.1,0.02
509,25-Jun-13,102.24799999999999,0.02
510,26-Jun-13,102.39303999999998,0.02
511,27-Jun-13,,
512,28-Jun-13,,
513,29-Jun-13,,
514,30-Jun-13,97.5,0.02
515,1-Jul-13,97.444,0.04
516,2-Jul-13,96.93024,0.04
517,3-Jul-13,96.4370304,0.06
518,4-Jul-13,95.264808576,0.06
519,5-Jul-13,94.16292006143999,0.08
520,6-Jul-13,91.93388645652479,0.08
521,7-Jul-13,89.88317554000281,0.08
522,8-Jul-13,87.99652149680259,0.08
523,9-Jul-13,86.26079977705838,0.08
524,10-Jul-13,84.6639357948937,0.08
525,11-Jul-13,83.1948209313022,0.08
526,12-Jul-13,,
527,13-Jul-13,,
528,14-Jul-13,,
529,15-Jul-13,,
530,16-Jul-13,,
531,17-Jul-13,,
532,18-Jul-13,85.4,0.02
533,19-Jul-13,85.4,0.02
534,20-Jul-13,85.4,0.02
535,21-Jul-13,85.4,0.02
536,22-Jul-13,85.4,0.02
537,23-Jul-13,85.4,0.02
538,24-Jul-13,85.4,0.02
539,25-Jul-13,85.4,0.02
540,26-Jul-13,85.4,0.02
541,27-Jul-13,,
542,28-Jul-13,,
543,29-Jul-13,,
544,30-Jul-13,96.3,0.02
545,31-Jul-13,96.3,0.04
546,1-Aug-13,96.364,0.04
547,2-Aug-13,,
548,3-Aug-13,,
549,4-Aug-13,,
550,5-Aug-13,96.9,0.02
551,6-Aug-13,96.894,0.02
552,7-Aug-13,,
553,8-Aug-13,,
554,9-Aug-13,,
555,10-Aug-13,93.3,0.02
556,11-Aug-13,93.372,0.02
557,12-Aug-13,93.44256,0.02
558,13-Aug-13,93.5117088,0.04
559,14-Aug-13,93.687240448,0.06
560,15-Aug-13,93.94600602112,0.06
561,16-Aug-13,,
562,17-Aug-13,,
563,18-Aug-13,,
564,19-Aug-13,,
565,20-Aug-13,,
566,21-Aug-13,111.4,0.02
567,22-Aug-13,111.4,0.02
568,23-Aug-13,,
569,24-Aug-13,,
570,25-Aug-13,,
571,26-Aug-13,,
572,27-Aug-13,,
573,28-Aug-13,117.6,0.02
574,29-Aug-13,117.6,0.02
575,30-Aug-13,,
576,31-Aug-13,,
577,1-Sep-13,,
578,2-Sep-13,,
579,3-Sep-13,,
580,4-Sep-13,,
581,5-Sep-13,,
582,6-Sep-13,,
583,7-Sep-13,119.1,0.02
584,8-Sep-13,119.044,0.02
585,9-Sep-13,118.98912,0.02
586,10-Sep-13,118.9353376,0.02
587,11-Sep-13,118.88263084799999,0.02
588,12-Sep-13,118.83097823103999,0.02
589,13-Sep-13,118.78035866641919,0.02
590,14-Sep-13,,
591,15-Sep-13,,
592,16-Sep-13,,
593,17-Sep-13,126.0,0.02
594,18-Sep-13,126.0,0.04
595,19-Sep-13,,
596,20-Sep-13,,
597,21-Sep-13,,
598,22-Sep-13,122.7,0.02
599,23-Sep-13,122.69800000000001,0.04
600,24-Sep-13,122.67808000000001,0.04
601,25-Sep-13,122.65895680000001,0.04
602,26-Sep-13,122.64059852800001,0.04
603,27-Sep-13,122.62297458688,0.04
604,28-Sep-13,122.60605560340481,0.04
605,29-Sep-13,122.58981337926862,0.04
606,30-Sep-13,,
607,1-Oct-13,,
608,2-Oct-13,,
609,3-Oct-13,,
610,4-Oct-13,,
611,5-Oct-13,,
612,6-Oct-13,,
613,7-Oct-13,,
614,8-Oct-13,124.3,0.02
615,9-Oct-13,124.3,0.04
616,10-Oct-13,124.36,0.04
617,11-Oct-13,,
618,12-Oct-13,,
619,13-Oct-13,,
620,14-Oct-13,,
621,15-Oct-13,,
622,16-Oct-13,137.4,0.02
623,17-Oct-13,,
624,18-Oct-13,,
625,19-Oct-13,,
626,20-Oct-13,163.1,0.02
627,21-Oct-13,162.692,0.02
628,22-Oct-13,162.29216,0.02
629,23-Oct-13,161.90031679999998,0.02
630,24-Oct-13,,
631,25-Oct-13,,
632,26-Oct-13,,
633,27-Oct-13,185.7,0.02
634,28-Oct-13,185.7,0.04
635,29-Oct-13,185.78799999999998,0.06
636,30-Oct-13,,
637,31-Oct-13,,
638,1-Nov-13,,
639,2-Nov-13,,
640,3-Nov-13,,
641,4-Nov-13,225.2,0.02
642,5-Nov-13,225.2,0.04
643,6-Nov-13,225.76399999999998,0.06
644,7-Nov-13,227.44016,0.08
645,8-Nov-13,231.9089472,0.1
646,9-Nov-13,241.09805248,0.12000000000000001
647,10-Nov-13,252.49828618240002,0.12000000000000001
648,11-Nov-13,,
649,12-Nov-13,,
650,13-Nov-13,,
651,14-Nov-13,419.5,0.02
652,15-Nov-13,,
653,16-Nov-13,,
654,17-Nov-13,,
655,18-Nov-13,461.0,0.02
656,19-Nov-13,463.592,0.04
657,20-Nov-13,472.68431999999996,0.04
658,21-Nov-13,,
659,22-Nov-13,,
660,23-Nov-13,,
661,24-Nov-13,,
662,25-Nov-13,,
663,26-Nov-13,,
664,27-Nov-13,855.0,0.02
665,28-Nov-13,856.878,0.04
666,29-Nov-13,863.84688,0.06
667,30-Nov-13,879.4800672,0.06
668,1-Dec-13,894.175263168,0.06
669,2-Dec-13,,
670,3-Dec-13,,
671,4-Dec-13,,
672,5-Dec-13,,
673,6-Dec-13,,
674,7-Dec-13,,
675,8-Dec-13,682.2,0.02
676,9-Dec-13,692.556,0.02
677,10-Dec-13,702.70488,0.02
678,11-Dec-13,,
679,12-Dec-13,,
680,13-Dec-13,,
681,14-Dec-13,909.7,0.02
682,15-Dec-13,909.0840000000001,0.04
683,16-Dec-13,906.72064,0.06
684,17-Dec-13,894.2934016,0.08
685,18-Dec-13,874.261929472,0.1
686,19-Dec-13,827.7057365248,0.1
687,20-Dec-13,785.80516287232,0.1
688,21-Dec-13,748.094646585088,0.1
689,22-Dec-13,714.1551819265792,0.1
690,23-Dec-13,683.6096637339213,0.1
691,24-Dec-13,656.1186973605292,0.1
692,26-Dec-13,631.3768276244763,0.1
693,27-Dec-13,,
694,28-Dec-13,,
695,29-Dec-13,,
696,30-Dec-13,730.2,0.02
697,31-Dec-13,,
698,1-Jan-14,,
699,2-Jan-14,,
700,3-Jan-14,,
701,4-Jan-14,,
702,5-Jan-14,,
703,6-Jan-14,,
704,7-Jan-14,,
705,8-Jan-14,,
706,9-Jan-14,,
707,10-Jan-14,,
708,11-Jan-14,,
709,12-Jan-14,,
710,13-Jan-14,,
711,14-Jan-14,,
712,15-Jan-14,833.7,0.02
713,16-Jan-14,,
714,17-Jan-14,,
715,18-Jan-14,,
716,19-Jan-14,830.0,0.02
717,20-Jan-14,,
718,21-Jan-14,,
719,22-Jan-14,,
720,23-Jan-14,804.3,0.02
721,24-Jan-14,,
722,25-Jan-14,,
723,26-Jan-14,,
724,27-Jan-14,,
725,28-Jan-14,,
726,29-Jan-14,783.6,0.02
727,30-Jan-14,784.4060000000001,0.02
728,31-Jan-14,,
729,1-Feb-14,,
730,3-Feb-14,,
731,4-Feb-14,,
732,5-Feb-14,,
733,6-Feb-14,,
734,7-Feb-14,,
735,8-Feb-14,716.4,0.02
736,9-Feb-14,715.612,0.02
737,10-Feb-14,714.83976,0.04
738,11-Feb-14,711.9261696,0.04
739,12-Feb-14,709.129122816,0.04
740,13-Feb-14,706.44395790336,0.06
741,14-Feb-14,701.8573204291584,0.08
742,15-Feb-14,690.9247347948258,0.08
743,16-Feb-14,680.8667560112398,0.08
744,17-Feb-14,671.6134155303406,0.08
745,18-Feb-14,663.1003422879133,0.08
746,19-Feb-14,655.2683149048803,0.08
747,20-Feb-14,648.0628497124899,0.08
748,21-Feb-14,641.4338217354907,0.1
749,22-Feb-14,632.1404395619417,0.1
750,23-Feb-14,623.7763956057474,0.1
751,24-Feb-14,616.2487560451727,0.1
752,25-Feb-14,609.4738804406554,0.12000000000000001
753,26-Feb-14,587.3370147877768,0.12000000000000001
754,27-Feb-14,567.8565730132435,0.12000000000000001
755,28-Feb-14,550.7137842516543,0.12000000000000001
756,1-Mar-14,535.6281301414557,0.12000000000000001
757,2-Mar-14,522.352754524481,0.12000000000000001
758,3-Mar-14,510.6704239815433,0.12000000000000001
759,4-Mar-14,500.3899731037581,0.12000000000000001
760,5-Mar-14,491.3431763313071,0.12000000000000001
761,6-Mar-14,,
762,7-Mar-14,,
763,8-Mar-14,,
764,9-Mar-14,609.4,0.02
765,10-Mar-14,,
766,11-Mar-14,,
767,12-Mar-14,,
768,13-Mar-14,,
769,14-Mar-14,,
770,15-Mar-14,,
771,16-Mar-14,,
772,17-Mar-14,,
773,18-Mar-14,,
774,19-Mar-14,622.9,0.02
775,20-Mar-14,622.66,0.04
776,21-Mar-14,621.0935999999999,0.06
777,22-Mar-14,617.955984,0.08
778,23-Mar-14,612.51950528,0.08
779,24-Mar-14,607.5179448576,0.08
780,25-Mar-14,602.9165092689921,0.08
781,26-Mar-14,598.6831885274727,0.08
782,27-Mar-14,,
783,28-Mar-14,,
784,29-Mar-14,,
785,30-Mar-14,440.4,0.02
786,31-Mar-14,443.378,0.02
787,1-Apr-14,446.29643999999996,0.02
788,2-Apr-14,,
789,3-Apr-14,,
790,4-Apr-14,,
791,5-Apr-14,,
792,6-Apr-14,,
793,7-Apr-14,,
794,8-Apr-14,,
795,9-Apr-14,,
796,10-Apr-14,440.2,0.02
797,11-Apr-14,438.796,0.04
798,12-Apr-14,434.24415999999997,0.04
799,13-Apr-14,429.87439359999996,0.04
800,14-Apr-14,425.679417856,0.04
801,15-Apr-14,421.65224114176,0.04
802,16-Apr-14,417.7861514960896,0.04
803,17-Apr-14,,
804,18-Apr-14,,
805,19-Apr-14,,
806,20-Apr-14,510.0,0.02
807,21-Apr-14,,
808,22-Apr-14,,
809,23-Apr-14,,
810,24-Apr-14,497.5,0.02
811,25-Apr-14,,
812,26-Apr-14,,
813,27-Apr-14,,
814,28-Apr-14,433.0,0.02
815,29-Apr-14,,
816,30-Apr-14,,
817,1-May-14,,
818,2-May-14,,
819,3-May-14,,
820,4-May-14,,
821,5-May-14,,
822,6-May-14,431.5,0.02
823,7-May-14,431.266,0.02
824,8-May-14,431.03668000000005,0.02
825,9-May-14,430.81194640000007,0.02
826,10-May-14,430.59170747200005,0.02
827,11-May-14,,
828,12-May-14,,
829,13-May-14,,
830,14-May-14,,
831,15-May-14,,
832,16-May-14,,
833,17-May-14,,
834,18-May-14,,
835,19-May-14,,
836,20-May-14,480.0,0.02
837,21-May-14,478.876,0.02
838,22-May-14,477.77448,0.02
839,23-May-14,476.6949904,0.02
840,24-May-14,,
841,25-May-14,,
842,26-May-14,,
843,27-May-14,557.7,0.02
844,28-May-14,,
845,29-May-14,,
846,30-May-14,,
847,31-May-14,635.6,0.02
848,1-Jun-14,634.1560000000001,0.02
849,2-Jun-14,632.7408800000001,0.02
850,3-Jun-14,631.3540624000001,0.02
851,4-Jun-14,,
852,5-Jun-14,,
853,6-Jun-14,,
854,7-Jun-14,,
855,8-Jun-14,,
856,9-Jun-14,,
857,10-Jun-14,,
858,11-Jun-14,637.1,0.02
859,12-Jun-14,637.722,0.02
860,13-Jun-14,638.33156,0.02
861,14-Jun-14,638.9289288,0.02
862,15-Jun-14,639.5143502239999,0.02
863,16-Jun-14,640.08806321952,0.02
864,17-Jun-14,640.6503019551296,0.02
865,18-Jun-14,,
866,19-Jun-14,,
867,20-Jun-14,,
868,21-Jun-14,601.6,0.02
869,22-Jun-14,601.388,0.02
870,23-Jun-14,601.18024,0.02
871,24-Jun-14,600.9766352,0.04
872,25-Jun-14,600.3375697920001,0.06
873,26-Jun-14,598.4033156044801,0.06
874,27-Jun-14,596.5851166682113,0.06
875,28-Jun-14,594.8760096681186,0.06
876,29-Jun-14,593.2694490880315,0.06
877,30-Jun-14,591.7592821427496,0.06
878,1-Jul-14,590.3397252141847,0.06
879,2-Jul-14,,
880,3-Jul-14,,
881,4-Jul-14,,
882,5-Jul-14,630.0,0.02
883,6-Jul-14,630.498,0.02
884,7-Jul-14,,
885,8-Jul-14,,
886,9-Jul-14,,
887,10-Jul-14,620.0,0.02
888,11-Jul-14,619.77,0.02
889,12-Jul-14,619.5446,0.02
890,13-Jul-14,,
891,14-Jul-14,,
892,15-Jul-14,,
893,16-Jul-14,614.0,0.02
894,17-Jul-14,614.354,0.02
895,18-Jul-14,614.70092,0.02
896,19-Jul-14,,
897,20-Jul-14,,
898,21-Jul-14,,
899,22-Jul-14,624.0,0.02
900,23-Jul-14,623.62,0.02
901,24-Jul-14,623.2476,0.04
902,25-Jul-14,622.045696,0.04
903,26-Jul-14,620.8918681600001,0.06
904,27-Jul-14,619.0503560704001,0.08
905,28-Jul-14,616.7263275847681,0.1
906,29-Jul-14,612.1536948262913,0.12000000000000001
907,30-Jul-14,606.6392514471363,0.14
908,31-Jul-14,598.7097562445372,0.14
909,1-Aug-14,591.8903903703019,0.16
910,2-Aug-14,513.1879279110536,0.16
911,3-Aug-14,447.07785944528507,0.16
912,4-Aug-14,391.54540193403943,0.16
913,5-Aug-14,344.8981376245931,0.16
914,6-Aug-14,305.7144356046582,0.16
915,7-Aug-14,272.8001259079129,0.16
916,8-Aug-14,245.15210576264684,0.16
917,9-Aug-14,221.92776884062334,0.16
918,10-Aug-14,202.4193258261236,0.16
919,11-Aug-14,186.03223369394382,0.16
920,12-Aug-14,172.2670763029128,0.16
921,13-Aug-14,160.70434409444675,0.16
922,14-Aug-14,150.99164903933527,0.16
923,15-Aug-14,142.83298519304162,0.16
924,16-Aug-14,135.97970756215497,0.16
925,17-Aug-14,130.22295435221017,0.16
926,18-Aug-14,125.38728165585654,0.16
927,19-Aug-14,121.3253165909195,0.16
928,20-Aug-14,117.91326593637238,0.16
929,21-Aug-14,115.0471433865528,0.16
930,22-Aug-14,112.63960044470436,0.16
931,23-Aug-14,110.61726437355166,0.16
932,24-Aug-14,108.9185020737834,0.16
933,25-Aug-14,107.49154174197805,0.16
934,26-Aug-14,106.29289506326157,0.16
935,27-Aug-14,105.28603185313972,0.16
936,28-Aug-14,,
937,29-Aug-14,,
938,30-Aug-14,,
939,31-Aug-14,482.3,0.02
940,1-Sep-14,482.92,0.02
941,2-Sep-14,,
942,3-Sep-14,,
943,4-Sep-14,,
944,5-Sep-14,,
945,6-Sep-14,,
946,7-Sep-14,,
947,8-Sep-14,,
948,9-Sep-14,,
949,10-Sep-14,487.0,0.02
950,11-Sep-14,486.504,0.02
951,12-Sep-14,486.01792,0.02
952,13-Sep-14,485.5415616,0.02
953,14-Sep-14,,
954,15-Sep-14,,
955,16-Sep-14,,
956,17-Sep-14,450.4,0.02
957,18-Sep-14,450.974,0.02
958,19-Sep-14,451.53652,0.02
959,20-Sep-14,452.0877896,0.02
960,21-Sep-14,,
961,22-Sep-14,,
962,23-Sep-14,,
963,24-Sep-14,,
964,25-Sep-14,,
965,26-Sep-14,,
966,27-Sep-14,395.1,0.02
967,28-Sep-14,395.798,0.02
968,29-Sep-14,396.48204,0.02
969,30-Sep-14,397.1523992,0.02
970,1-Oct-14,,
971,2-Oct-14,,
972,3-Oct-14,,
973,4-Oct-14,364.8,0.02
974,5-Oct-14,363.952,0.04
975,6-Oct-14,360.79792,0.04
976,7-Oct-14,357.77000319999996,0.04
977,8-Oct-14,354.863203072,0.04
978,9-Oct-14,352.07267494911997,0.04
979,10-Oct-14,349.39376795115516,0.04
980,11-Oct-14,346.82201723310897,0.04
981,12-Oct-14,344.3531365437846,0.04
982,13-Oct-14,341.9830110820332,0.04
983,14-Oct-14,339.7076906387519,0.04
984,15-Oct-14,,
985,16-Oct-14,,
986,17-Oct-14,,
987,18-Oct-14,377.0,0.02
988,19-Oct-14,,
989,20-Oct-14,,
990,21-Oct-14,,
991,22-Oct-14,385.5,0.02
992,23-Oct-14,385.282,0.04
993,24-Oct-14,383.99072,0.06
994,25-Oct-14,381.8912768,0.08
995,26-Oct-14,378.723974656,0.08
996,27-Oct-14,375.81005668352,0.08
997,28-Oct-14,373.12925214883836,0.08
998,29-Oct-14,370.6629119769313,0.1
999,30-Oct-14,366.91662077923814,0.12000000000000001
1000,31-Oct-14,362.84662628572954,0.12000000000000001
1001,1-Nov-14,359.265031131442,0.14
1002,2-Nov-14,354.00592677304013,0.16
1003,3-Nov-14,348.7729784893537,0.16
1004,4-Nov-14,344.3773019310571,0.16
1005,5-Nov-14,340.68493362208795,0.18
1006,6-Nov-14,337.14164557011213,0.18
1007,7-Nov-14,,
1008,8-Nov-14,,
1009,9-Nov-14,,
1010,10-Nov-14,355.0,0.02
1011,11-Nov-14,355.35,0.02
1012,12-Nov-14,,
1013,13-Nov-14,,
1014,14-Nov-14,,
1015,15-Nov-14,,
1016,16-Nov-14,,
1017,17-Nov-14,,
1018,18-Nov-14,,
1019,19-Nov-14,,
1020,20-Nov-14,380.6,0.02
1021,21-Nov-14,380.05600000000004,0.04
1022,22-Nov-14,378.69776,0.04
1023,23-Nov-14,377.3938496,0.04
1024,24-Nov-14,376.142095616,0.06
1025,25-Nov-14,373.24156987904,0.06
1026,26-Nov-14,370.5150756862976,0.06
1027,27-Nov-14,367.9521711451198,0.06
1028,28-Nov-14,365.5430408764126,0.06
1029,29-Nov-14,363.27845842382783,0.06
1030,30-Nov-14,361.1497509183982,0.06
1031,1-Dec-14,359.1487658632943,0.06
1032,2-Dec-14,357.2678399114966,0.06
1033,3-Dec-14,,
1034,4-Dec-14,,
1035,5-Dec-14,,
1036,6-Dec-14,,
1037,7-Dec-14,,
1038,8-Dec-14,,
1039,9-Dec-14,,
1040,10-Dec-14,,
1041,11-Dec-14,343.6,0.02
1042,12-Dec-14,344.24,0.02
1043,13-Dec-14,,
1044,14-Dec-14,,
1045,15-Dec-14,,
1046,16-Dec-14,,
1047,17-Dec-14,,
1048,18-Dec-14,303.6,0.02
1049,19-Dec-14,304.61,0.02
1050,20-Dec-14,305.5998,0.02
1051,21-Dec-14,,
1052,22-Dec-14,,
1053,23-Dec-14,,
1054,24-Dec-14,,
1055,25-Dec-14,,
1056,26-Dec-14,,
1057,27-Dec-14,,
1058,28-Dec-14,,
1059,29-Dec-14,,
1060,30-Dec-14,,
1061,31-Dec-14,,
1062,1-Jan-15,,
1063,2-Jan-15,,
1064,3-Jan-15,,
1065,4-Jan-15,,
1066,5-Jan-15,,
1067,6-Jan-15,287.8,0.02
1068,7-Jan-15,287.22,0.02
1069,8-Jan-15,,
1070,9-Jan-15,,
1071,10-Jan-15,,
1072,11-Jan-15,,
1073,12-Jan-15,,
1074,13-Jan-15,267.6,0.02
1075,14-Jan-15,266.69800000000004,0.04
1076,15-Jan-15,262.62608000000006,0.04
1077,16-Jan-15,258.7170368000001,0.04
1078,17-Jan-15,254.96435532800007,0.04
1079,18-Jan-15,251.36178111488007,0.04
1080,19-Jan-15,247.90330987028486,0.04
1081,20-Jan-15,244.58317747547346,0.04
1082,21-Jan-15,241.39585037645452,0.04
1083,22-Jan-15,238.33601636139633,0.04
1084,23-Jan-15,235.39857570694048,0.04
1085,24-Jan-15,232.57863267866287,0.04
1086,25-Jan-15,229.87148737151637,0.04
1087,26-Jan-15,227.27262787665572,0.04
1088,27-Jan-15,,
1089,28-Jan-15,,
1090,29-Jan-15,,
1091,30-Jan-15,227.9,0.02
1092,31-Jan-15,228.912,0.02
1093,1-Feb-15,229.90376,0.02
1094,2-Feb-15,230.87568480000002,0.02
1095,3-Feb-15,,
1096,4-Feb-15,,
1097,5-Feb-15,,
1098,6-Feb-15,226.6,0.02
1099,7-Feb-15,226.368,0.02
1100,8-Feb-15,,
1101,9-Feb-15,,
1102,10-Feb-15,,
1103,11-Feb-15,218.1,0.02
1104,12-Feb-15,218.37,0.02
1105,13-Feb-15,218.6346,0.04
1106,14-Feb-15,219.589216,0.06
1107,15-Feb-15,222.08586304,0.08
1108,16-Feb-15,,
1109,17-Feb-15,,
1110,18-Feb-15,,
1111,19-Feb-15,,
1112,20-Feb-15,,
1113,21-Feb-15,243.3,0.02
1114,22-Feb-15,243.4,0.02
1115,23-Feb-15,,
1116,24-Feb-15,,
1117,25-Feb-15,,
1118,26-Feb-15,,
1119,27-Feb-15,,
1120,28-Feb-15,251.3,0.02
1121,1-Mar-15,251.526,0.04
1122,2-Mar-15,252.10496,0.06
1123,3-Mar-15,253.7546624,0.08
1124,4-Mar-15,256.678289408,0.08
1125,5-Mar-15,,
1126,6-Mar-15,,
1127,7-Mar-15,,
1128,8-Mar-15,,
1129,9-Mar-15,,
1130,10-Mar-15,,
1131,11-Mar-15,291.1,0.02
1132,12-Mar-15,291.35400000000004,0.02
1133,13-Mar-15,,
1134,14-Mar-15,,
1135,15-Mar-15,,
1136,16-Mar-15,295.1,0.02
1137,17-Mar-15,,
1138,18-Mar-15,,
1139,19-Mar-15,,
1140,20-Mar-15,259.4,0.02
1141,21-Mar-15,,
1142,22-Mar-15,,
1143,23-Mar-15,,
1144,24-Mar-15,,
1145,25-Mar-15,,
1146,26-Mar-15,246.3,0.02
1147,27-Mar-15,,
1148,28-Mar-15,,
1149,29-Mar-15,,
1150,30-Mar-15,,
1151,31-Mar-15,,
1152,1-Apr-15,,
1153,2-Apr-15,,
1154,3-Apr-15,,
1155,4-Apr-15,,
1156,5-Apr-15,,
1157,6-Apr-15,,
1158,7-Apr-15,,
1159,8-Apr-15,255.0,0.02
1160,9-Apr-15,254.762,0.04
1161,10-Apr-15,254.03152,0.06
1162,11-Apr-15,252.6376288,0.06
1163,12-Apr-15,251.32737107199998,0.06
1164,13-Apr-15,250.09572880768,0.08
1165,14-Apr-15,247.7120705030656,0.1
1166,15-Apr-15,244.58086345275905,0.1
1167,16-Apr-15,241.76277710748315,0.1
1168,17-Apr-15,239.22649939673482,0.1
1169,18-Apr-15,236.94384945706133,0.1
1170,19-Apr-15,234.8894645113552,0.1
1171,20-Apr-15,233.04051806021965,0.1
1172,21-Apr-15,231.37646625419768,0.1
1173,22-Apr-15,,
1174,23-Apr-15,,
1175,24-Apr-15,,
1176,25-Apr-15,,
1177,26-Apr-15,,
1178,27-Apr-15,,
1179,28-Apr-15,,
1180,29-Apr-15,,
1181,30-Apr-15,,
1182,1-May-15,231.3,0.02
1183,2-May-15,,
1184,3-May-15,,
1185,4-May-15,,
1186,5-May-15,,
1187,6-May-15,,
1188,7-May-15,227.8,0.02
1189,8-May-15,228.116,0.04
1190,9-May-15,228.93136,0.06
1191,10-May-15,,
1192,11-May-15,,
1193,12-May-15,,
1194,13-May-15,,
1195,14-May-15,,
1196,15-May-15,233.9,0.02
1197,16-May-15,,
1198,17-May-15,,
1199,18-May-15,,
1200,19-May-15,,
1201,20-May-15,,
1202,21-May-15,233.9,0.02
1203,22-May-15,233.96800000000002,0.04
1204,23-May-15,234.28128,0.04
1205,24-May-15,,
1206,25-May-15,,
1207,26-May-15,,
1208,27-May-15,239.3,0.02
1209,28-May-15,239.22,0.02
1210,29-May-15,239.1416,0.04
1211,30-May-15,238.97593600000002,0.06
1212,31-May-15,238.47937984,0.08
1213,1-Jun-15,237.5690294528,0.1
1214,2-Jun-15,235.79212650752,0.1
1215,3-Jun-15,234.192913856768,0.1
1216,4-Jun-15,232.7536224710912,0.1
1217,5-Jun-15,231.45826022398208,0.1
1218,6-Jun-15,230.2924342015839,0.1
1219,7-Jun-15,,
1220,8-Jun-15,,
1221,9-Jun-15,,
1222,10-Jun-15,227.5,0.02
1223,11-Jun-15,,
1224,12-Jun-15,,
1225,13-Jun-15,,
1226,14-Jun-15,235.4,0.02
1227,15-Jun-15,235.26000000000002,0.02
1228,16-Jun-15,235.1228,0.02
1229,17-Jun-15,,
1230,18-Jun-15,,
1231,19-Jun-15,,
1232,20-Jun-15,,
1233,21-Jun-15,,
1234,22-Jun-15,,
1235,23-Jun-15,,
1236,24-Jun-15,,
1237,25-Jun-15,,
1238,26-Jun-15,,
1239,27-Jun-15,,
1240,28-Jun-15,,
1241,29-Jun-15,,
1242,30-Jun-15,,
1243,1-Jul-15,,
1244,2-Jul-15,,
1245,3-Jul-15,,
1246,4-Jul-15,253.6,0.02
1247,5-Jul-15,253.82399999999998,0.04
1248,6-Jul-15,254.28303999999997,0.06
1249,7-Jul-15,255.61605759999998,0.06
1250,8-Jul-15,,
1251,9-Jul-15,,
1252,10-Jul-15,,
1253,12-Jul-15,316.0,0.02
1254,13-Jul-15,,
1255,14-Jul-15,,
1256,15-Jul-15,,
1257,16-Jul-15,275.2,0.02
1258,17-Jul-15,275.936,0.02
1259,18-Jul-15,,
1260,19-Jul-15,,
1261,20-Jul-15,,
1262,21-Jul-15,,
1263,22-Jul-15,,
1264,23-Jul-15,,
1265,24-Jul-15,,
1266,25-Jul-15,,
1267,26-Jul-15,,
1268,27-Jul-15,,
1269,28-Jul-15,293.6,0.02
1270,29-Jul-15,293.706,0.02
1271,30-Jul-15,,
1272,31-Jul-15,,
1273,1-Aug-15,,
1274,2-Aug-15,283.3,0.02
1275,3-Aug-15,283.16,0.02
1276,4-Aug-15,283.0228,0.02
1277,5-Aug-15,,
1278,6-Aug-15,,
1279,7-Aug-15,,
1280,8-Aug-15,,
1281,9-Aug-15,,
1282,10-Aug-15,,
1283,11-Aug-15,,
1284,12-Aug-15,,
1285,13-Aug-15,,
1286,14-Aug-15,,
1287,15-Aug-15,,
1288,16-Aug-15,,
1289,17-Aug-15,,
1290,18-Aug-15,171.0,0.02
1291,19-Aug-15,172.936,0.02
1292,20-Aug-15,174.83328,0.02
1293,21-Aug-15,,
1294,22-Aug-15,,
1295,23-Aug-15,,
1296,24-Aug-15,228.6,0.02
1297,25-Aug-15,228.198,0.04
1298,26-Aug-15,226.99008,0.04
1299,27-Aug-15,225.8304768,0.04
1300,28-Aug-15,224.71725772800002,0.04
1301,29-Aug-15,,
1302,30-Aug-15,,
1303,31-Aug-15,,
1304,1-Sep-15,,
1305,2-Sep-15,,
1306,3-Sep-15,,
1307,4-Sep-15,,
1308,5-Sep-15,,
1309,6-Sep-15,235.5,0.02
1310,7-Sep-15,235.72,0.02
1311,8-Sep-15,,
1312,9-Sep-15,,
1313,10-Sep-15,,
1314,11-Sep-15,242.9,0.02
1315,12-Sep-15,242.782,0.04
1316,13-Sep-15,242.48272,0.06
1317,14-Sep-15,241.6677568,0.08
1318,15-Sep-15,240.60633625600002,0.08
1319,16-Sep-15,239.62982935552003,0.1
1320,17-Sep-15,238.40684641996802,0.1
1321,18-Sep-15,237.30616177797123,0.1
1322,19-Sep-15,236.31554560017412,0.1
1323,20-Sep-15,235.4239910401567,0.1
1324,21-Sep-15,234.62159193614102,0.12000000000000001
1325,22-Sep-15,233.6350009038041,0.14
1326,23-Sep-15,232.35610077727154,0.14
1327,24-Sep-15,231.2562466684535,0.14
1328,25-Sep-15,230.31037213487002,0.14
1329,26-Sep-15,,
1330,27-Sep-15,,
1331,28-Sep-15,,
1332,29-Sep-15,236.6,0.02
1333,30-Sep-15,,
1334,1-Oct-15,,
1335,2-Oct-15,,
1336,3-Oct-15,,
1337,4-Oct-15,,
1338,5-Oct-15,,
1339,6-Oct-15,,
1340,7-Oct-15,,
1341,8-Oct-15,,
1342,9-Oct-15,,
1343,10-Oct-15,243.6,0.02
1344,11-Oct-15,243.686,0.04
1345,12-Oct-15,243.88656,0.04
1346,13-Oct-15,,
1347,14-Oct-15,,
1348,15-Oct-15,,
1349,16-Oct-15,267.8,0.02
1350,17-Oct-15,267.326,0.02
1351,18-Oct-15,,
1352,19-Oct-15,,
1353,20-Oct-15,,
1354,21-Oct-15,,
1355,22-Oct-15,,
1356,23-Oct-15,,
1357,24-Oct-15,,
1358,25-Oct-15,,
1359,26-Oct-15,282.3,0.02
1360,27-Oct-15,282.574,0.04
1361,28-Oct-15,283.21904,0.06
1362,29-Oct-15,284.7058976,0.08
1363,30-Oct-15,287.617425792,0.1
1364,31-Oct-15,292.4556832128,0.1
1365,1-Nov-15,,
1366,2-Nov-15,,
1367,3-Nov-15,,
1368,4-Nov-15,503.4,0.02
1369,5-Nov-15,,
1370,6-Nov-15,,
1371,7-Nov-15,,
1372,8-Nov-15,,
1373,9-Nov-15,,
1374,10-Nov-15,,
1375,11-Nov-15,,
1376,12-Nov-15,,
1377,13-Nov-15,326.2,0.02
1378,14-Nov-15,,
1379,15-Nov-15,,
1380,16-Nov-15,,
1381,17-Nov-15,342.5,0.02
1382,18-Nov-15,,
1383,19-Nov-15,,
1384,20-Nov-15,,
1385,21-Nov-15,319.0,0.02
1386,22-Nov-15,,
1387,23-Nov-15,,
1388,24-Nov-15,,
1389,25-Nov-15,331.0,0.02
1390,26-Nov-15,330.696,0.02
1391,27-Nov-15,330.39808000000005,0.02
1392,28-Nov-15,,
1393,29-Nov-15,,
1394,30-Nov-15,,
1395,1-Dec-15,353.2,0.02
1396,2-Dec-15,,
1397,3-Dec-15,,
1398,4-Dec-15,,
1399,5-Dec-15,,
1400,6-Dec-15,,
1401,7-Dec-15,384.9,0.02
1402,8-Dec-15,385.33799999999997,0.04
1403,9-Dec-15,386.78047999999995,0.06
1404,10-Dec-15,,
1405,11-Dec-15,,
1406,12-Dec-15,,
1407,13-Dec-15,,
1408,14-Dec-15,,
1409,15-Dec-15,442.5,0.02
1410,16-Dec-15,443.15,0.02
1411,17-Dec-15,,
1412,18-Dec-15,,
1413,19-Dec-15,,
1414,20-Dec-15,,
1415,21-Dec-15,,
1416,22-Dec-15,433.5,0.02
1417,23-Dec-15,434.17,0.02
1418,24-Dec-15,434.82660000000004,0.02
1419,25-Dec-15,,
1420,26-Dec-15,,
1421,27-Dec-15,,
1422,28-Dec-15,429.0,0.02
1423,29-Dec-15,428.53,0.02
1424,30-Dec-15,,
1425,31-Dec-15,,
1426,1-Jan-16,,
1427,2-Jan-16,430.0,0.02
1428,3-Jan-16,,
1429,4-Jan-16,,
1430,5-Jan-16,,
1431,6-Jan-16,,
1432,7-Jan-16,,
1433,8-Jan-16,446.8,0.02
1434,9-Jan-16,,
1435,10-Jan-16,,
1436,11-Jan-16,,
1437,12-Jan-16,,
1438,13-Jan-16,,
1439,14-Jan-16,426.0,0.02
1440,15-Jan-16,426.53,0.02
1441,16-Jan-16,427.0494,0.02
1442,17-Jan-16,,
1443,18-Jan-16,,
1444,19-Jan-16,,
1445,20-Jan-16,,
1446,21-Jan-16,,
1447,22-Jan-16,,
1448,23-Jan-16,,
1449,24-Jan-16,,
1450,25-Jan-16,,
1451,26-Jan-16,,
1452,27-Jan-16,,
1453,28-Jan-16,,
1454,29-Jan-16,,
1455,30-Jan-16,,
1456,31-Jan-16,362.6,0.02
1457,1-Feb-16,363.25800000000004,0.02
1458,2-Feb-16,363.90284,0.02
1459,3-Feb-16,,
1460,4-Feb-16,,
1461,5-Feb-16,,
1462,6-Feb-16,,
1463,7-Feb-16,,
1464,8-Feb-16,369.1,0.02
1465,9-Feb-16,369.57000000000005,0.02
1466,10-Feb-16,370.03060000000005,0.02
1467,11-Feb-16,,
1468,12-Feb-16,,
1469,13-Feb-16,,
1470,14-Feb-16,,
1471,15-Feb-16,,
1472,16-Feb-16,,
1473,17-Feb-16,,
1474,18-Feb-16,,
1475,19-Feb-16,,
1476,20-Feb-16,,
1477,21-Feb-16,,
1478,22-Feb-16,433.4,0.02
1479,23-Feb-16,,
1480,24-Feb-16,,
1481,25-Feb-16,,
1482,26-Feb-16,,
1483,27-Feb-16,,
1484,28-Feb-16,,
1485,29-Feb-16,,
1486,1-Mar-16,,
1487,2-Mar-16,,
1488,3-Mar-16,,
1489,4-Mar-16,407.7,0.02
1490,5-Mar-16,408.402,0.02
1491,6-Mar-16,409.08995999999996,0.02
1492,7-Mar-16,409.76416079999996,0.02
1493,8-Mar-16,,
1494,9-Mar-16,,
1495,10-Mar-16,,
1496,11-Mar-16,,
1497,12-Mar-16,,
1498,13-Mar-16,,
1499,14-Mar-16,,
1500,15-Mar-16,,
1501,16-Mar-16,,
1502,17-Mar-16,,
1503,18-Mar-16,403.0,0.02
1504,19-Mar-16,,
1505,20-Mar-16,,
1506,21-Mar-16,,
1507,22-Mar-16,418.7,0.02
1508,23-Mar-16,418.406,0.02
1509,24-Mar-16,,
1510,25-Mar-16,,
1511,26-Mar-16,,
1512,27-Mar-16,415.8,0.02
1513,28-Mar-16,416.104,0.02
1514,29-Mar-16,,
1515,30-Mar-16,,
1516,31-Mar-16,,
1517,1-Apr-16,417.6,0.02
1518,2-Apr-16,417.398,0.02
1519,3-Apr-16,417.20004,0.02
1520,4-Apr-16,,
1521,5-Apr-16,,
1522,6-Apr-16,,
1523,7-Apr-16,,
1524,8-Apr-16,,
1525,9-Apr-16,,
1526,10-Apr-16,422.8,0.02
1527,11-Apr-16,422.584,0.02
1528,12-Apr-16,422.37232,0.02
1529,13-Apr-16,,
1530,14-Apr-16,,
1531,15-Apr-16,,
1532,16-Apr-16,430.5,0.02
1533,17-Apr-16,430.604,0.02
1534,18-Apr-16,,
1535,19-Apr-16,,
1536,20-Apr-16,,
1537,21-Apr-16,454.5,0.02
1538,22-Apr-16,,
1539,23-Apr-16,,
1540,24-Apr-16,,
1541,25-Apr-16,455.0,0.02
1542,26-Apr-16,,
1543,27-Apr-16,,
1544,28-Apr-16,,
1545,29-Apr-16,457.4,0.02
1546,30-Apr-16,456.952,0.02
1547,1-May-16,456.51296,0.02
1548,2-May-16,456.0827008,0.02
1549,3-May-16,455.661046784,0.02
1550,4-May-16,455.24782584832,0.02
1551,5-May-16,454.8428693313536,0.02
1552,6-May-16,454.44601194472654,0.02
1553,7-May-16,,
1554,8-May-16,,
1555,9-May-16,,
1556,10-May-16,446.2,0.02
1557,11-May-16,,
1558,12-May-16,,
1559,13-May-16,,
1560,14-May-16,458.5,0.02
1561,15-May-16,458.248,0.02
1562,16-May-16,,
1563,17-May-16,,
1564,18-May-16,,
1565,19-May-16,,
1566,20-May-16,,
1567,21-May-16,,
1568,22-May-16,,
1569,23-May-16,,
1570,24-May-16,442.4,0.02
1571,25-May-16,442.508,0.04
1572,26-May-16,442.82367999999997,0.06
1573,27-May-16,443.53625919999996,0.08
1574,28-May-16,446.637358464,0.1
1575,29-May-16,456.0736226176,0.12000000000000001
1576,30-May-16,469.384787903488,0.12000000000000001
1577,31-May-16,481.09861335506946,0.12000000000000001
1578,1-Jun-16,,
1579,2-Jun-16,,
1580,3-Jun-16,,
1581,4-Jun-16,593.7,0.02
1582,5-Jun-16,592.302,0.02
1583,6-Jun-16,590.93196,0.02
1584,7-Jun-16,,
1585,8-Jun-16,,
1586,9-Jun-16,,
1587,10-Jun-16,,
1588,11-Jun-16,,
1589,12-Jun-16,,
1590,13-Jun-16,,
1591,14-Jun-16,656.5,0.02
1592,15-Jun-16,,
1593,16-Jun-16,,
1594,17-Jun-16,,
1595,18-Jun-16,,
1596,19-Jun-16,,
1597,20-Jun-16,,
1598,21-Jun-16,,
1599,22-Jun-16,,
1600,23-Jun-16,638.2,0.02
1601,24-Jun-16,636.548,0.02
1602,25-Jun-16,634.92904,0.02
1603,26-Jun-16,633.3424592,0.02
1604,27-Jun-16,631.787610016,0.02
1605,28-Jun-16,630.26385781568,0.02
1606,29-Jun-16,628.7705806593664,0.02
1607,30-Jun-16,627.3071690461791,0.02
1608,1-Jul-16,625.8730256652555,0.02
1609,2-Jul-16,624.4675651519503,0.02
1610,3-Jul-16,,
1611,4-Jul-16,,
1612,5-Jul-16,,
1613,6-Jul-16,,
1614,7-Jul-16,,
1615,8-Jul-16,,
1616,9-Jul-16,,
1617,10-Jul-16,,
1618,11-Jul-16,,
1619,12-Jul-16,,
1620,13-Jul-16,,
1621,14-Jul-16,,
1622,15-Jul-16,,
1623,16-Jul-16,,
1624,17-Jul-16,,
1625,18-Jul-16,,
1626,19-Jul-16,,
1627,20-Jul-16,,
1628,21-Jul-16,,
1629,22-Jul-16,668.0,0.02
1630,23-Jul-16,667.44,0.02
1631,24-Jul-16,666.8912,0.02
1632,25-Jul-16,666.353376,0.02
1633,26-Jul-16,665.8263084800001,0.02
1634,27-Jul-16,665.3097823104001,0.02
1635,29-Jul-16,664.8035866641922,0.02
1636,30-Jul-16,664.3075149309083,0.02
1637,31-Jul-16,663.82136463229,0.04
1638,1-Aug-16,662.1205100469984,0.06
1639,2-Aug-16,658.6932794441785,0.08
1640,7-Aug-16,653.5978170886442,0.08
1641,8-Aug-16,648.9099917215526,0.08
1642,9-Aug-16,644.5971923838284,0.08
1643,10-Aug-16,640.6294169931222,0.1
1644,11-Aug-16,634.4664752938099,0.1
1645,12-Aug-16,628.919827764429,0.1
1646,13-Aug-16,623.9278449879861,0.1
1647,14-Aug-16,619.4350604891874,0.12000000000000001
1648,15-Aug-16,612.782853230485,0.14
1649,16-Aug-16,605.8132537782171,0.14
1650,17-Aug-16,599.8193982492668,0.14
1651,18-Aug-16,594.6646824943695,0.14
1652,19-Aug-16,590.2316269451577,0.14
1653,20-Aug-16,586.4191991728356,0.14
1654,21-Aug-16,,
1655,22-Aug-16,,
1656,23-Aug-16,,
1657,24-Aug-16,,
1658,25-Aug-16,,
1659,26-Aug-16,,
1660,27-Aug-16,578.9,0.02
1661,28-Aug-16,578.6659999999999,0.02
1662,29-Aug-16,578.4366799999999,0.02
1663,30-Aug-16,578.2119463999999,0.02
1664,31-Aug-16,,
1665,1-Sep-16,,
1666,2-Sep-16,,
1667,3-Sep-16,576.0,0.02
1668,4-Sep-16,576.728,0.04
1669,5-Sep-16,578.40688,0.04
1670,6-Sep-16,,
1671,7-Sep-16,,
1672,8-Sep-16,,
1673,9-Sep-16,,
1674,10-Sep-16,,
1675,11-Sep-16,,
1676,12-Sep-16,,
1677,13-Sep-16,,
1678,14-Sep-16,,
1679,15-Sep-16,,
1680,16-Sep-16,,
1681,17-Sep-16,605.0,0.02
1682,18-Sep-16,605.248,0.02
1683,19-Sep-16,,
1684,20-Sep-16,,
1685,21-Sep-16,,
1686,22-Sep-16,598.7,0.02
1687,23-Sep-16,598.58,0.02
1688,24-Sep-16,598.4624,0.02
1689,25-Sep-16,598.347152,0.02
1690,26-Sep-16,598.23420896,0.02
1691,27-Sep-16,,
1692,28-Sep-16,,
1693,29-Sep-16,,
1694,30-Sep-16,604.3,0.02
1695,1-Oct-16,604.472,0.04
1696,2-Oct-16,604.96912,0.04
1697,3-Oct-16,,
1698,4-Oct-16,,
1699,5-Oct-16,,
1700,6-Oct-16,,
1701,7-Oct-16,,
1702,8-Oct-16,,
1703,9-Oct-16,614.4,0.02
1704,10-Oct-16,,
1705,11-Oct-16,,
1706,12-Oct-16,,
1707,13-Oct-16,,
1708,14-Oct-16,,
1709,15-Oct-16,637.9,0.02
1710,16-Oct-16,,
1711,17-Oct-16,,
1712,18-Oct-16,,
1713,19-Oct-16,643.9,0.02
1714,20-Oct-16,643.578,0.02
1715,21-Oct-16,643.26244,0.02
1716,22-Oct-16,642.9531912,0.02
1717,23-Oct-16,,
1718,24-Oct-16,,
1719,25-Oct-16,,
1720,26-Oct-16,658.5,0.02
1721,27-Oct-16,659.042,0.04
1722,28-Oct-16,660.3043200000001,0.06
1723,29-Oct-16,662.3860608000001,0.08
1724,30-Oct-16,667.3151759360001,0.08
1725,31-Oct-16,,
1726,14-Nov-16,,
1727,15-Nov-16,,
1728,16-Nov-16,747.5,0.02
1729,17-Nov-16,,
1730,18-Nov-16,,
1731,19-Nov-16,,
1732,20-Nov-16,,
1733,21-Nov-16,,
1734,22-Nov-16,,
1735,23-Nov-16,,
1736,24-Nov-16,,
1737,25-Nov-16,,
1738,26-Nov-16,,
1739,27-Nov-16,,
1740,28-Nov-16,,
1741,29-Nov-16,,
1742,30-Nov-16,,
1743,1-Dec-16,,
1744,2-Dec-16,,
1745,3-Dec-16,,
1746,4-Dec-16,,
1747,5-Dec-16,,
1748,6-Dec-16,,
1749,7-Dec-16,772.2,0.02
1750,8-Dec-16,771.648,0.02
1751,9-Dec-16,771.10704,0.02
1752,10-Dec-16,770.5768992,0.02
1753,11-Dec-16,,
1754,12-Dec-16,,
1755,13-Dec-16,,
1756,14-Dec-16,,
1757,15-Dec-16,,
1758,16-Dec-16,,
1759,17-Dec-16,,
1760,18-Dec-16,,
1761,19-Dec-16,,
1762,20-Dec-16,,
1763,21-Dec-16,,
1764,22-Dec-16,873.9,0.02
1765,23-Dec-16,872.182,0.02
1766,24-Dec-16,,
1767,25-Dec-16,,
1768,26-Dec-16,,
1769,27-Dec-16,903.5,0.02
1770,28-Dec-16,904.23,0.04
1771,29-Dec-16,907.3808,0.04
1772,30-Dec-16,,
1773,31-Dec-16,,
1774,1-Jan-17,,
1775,2-Jan-17,,
1776,3-Jan-17,,
1777,4-Jan-17,1036.4,0.02
1778,5-Jan-17,1038.672,0.04
1779,6-Jan-17,,
1780,7-Jan-17,,
1781,8-Jan-17,,
1782,9-Jan-17,,
1783,10-Jan-17,,
1784,11-Jan-17,,
1785,12-Jan-17,,
1786,13-Jan-17,832.3,0.02
1787,14-Jan-17,830.428,0.02
1788,15-Jan-17,828.59344,0.02
1789,16-Jan-17,826.7955712,0.02
1790,17-Jan-17,825.033659776,0.02
1791,18-Jan-17,,
1792,19-Jan-17,,
1793,20-Jan-17,,
1794,21-Jan-17,,
1795,22-Jan-17,,
1796,23-Jan-17,,
1797,24-Jan-17,,
1798,25-Jan-17,884.2,0.02
1799,26-Jan-17,885.3100000000001,0.02
1800,27-Jan-17,886.3978000000001,0.02
1801,28-Jan-17,887.4638440000001,0.02
1802,29-Jan-17,,
1803,30-Jan-17,,
1804,31-Jan-17,,
1805,1-Feb-17,,
1806,2-Feb-17,,
1807,3-Feb-17,988.3,0.02
1808,4-Feb-17,988.944,0.04
1809,5-Feb-17,990.98624,0.04
1810,6-Feb-17,,
1811,7-Feb-17,,
1812,8-Feb-17,,
1813,9-Feb-17,,
1814,10-Feb-17,,
1815,11-Feb-17,984.2,0.02
1816,12-Feb-17,,
1817,13-Feb-17,,
1818,14-Feb-17,,
1819,15-Feb-17,,
1820,16-Feb-17,,
1821,17-Feb-17,1034.1,0.02
1822,18-Feb-17,1034.734,0.04
1823,19-Feb-17,1036.1886399999999,0.04
1824,20-Feb-17,,
1825,21-Feb-17,,
1826,22-Feb-17,,
1827,23-Feb-17,,
1828,24-Feb-17,,
1829,25-Feb-17,,
1830,26-Feb-17,,
1831,27-Feb-17,,
1832,28-Feb-17,,
1833,1-Mar-17,,
1834,2-Mar-17,,
1835,3-Mar-17,,
1836,4-Mar-17,,
1837,5-Mar-17,,
1838,6-Mar-17,,
1839,7-Mar-17,,
1840,8-Mar-17,,
1841,9-Mar-17,,
1842,10-Mar-17,1328.8,0.02
1843,11-Mar-17,1321.644,0.02
1844,12-Mar-17,1314.63112,0.02
1845,13-Mar-17,1307.7584976,0.02
1846,14-Mar-17,1301.023327648,0.02
1847,15-Mar-17,1294.4228610950402,0.02
1848,16-Mar-17,,
1849,17-Mar-17,,
1850,18-Mar-17,,
1851,19-Mar-17,971.0,0.02
1852,20-Mar-17,976.774,0.02
1853,21-Mar-17,982.43252,0.02
1854,22-Mar-17,,
1855,23-Mar-17,,
1856,24-Mar-17,,
1857,25-Mar-17,980.0,0.02
1858,26-Mar-17,978.22,0.02
1859,27-Mar-17,976.4756,0.02
1860,28-Mar-17,974.766088,0.02
1861,29-Mar-17,,
1862,30-Mar-17,,
1863,31-Mar-17,,
1864,1-Apr-17,1070.2,0.02
1865,2-Apr-17,1070.934,0.04
1866,3-Apr-17,1072.82464,0.06
1867,4-Apr-17,1078.0491616,0.08
1868,5-Apr-17,,
1869,6-Apr-17,,
1870,7-Apr-17,,
1871,8-Apr-17,,
1872,9-Apr-17,,
1873,10-Apr-17,,
1874,11-Apr-17,,
1875,12-Apr-17,,
1876,13-Apr-17,,
1877,14-Apr-17,,
1878,15-Apr-17,,
1879,16-Apr-17,,
1880,17-Apr-17,,
1881,18-Apr-17,,
1882,19-Apr-17,,
1883,20-Apr-17,,
1884,21-Apr-17,,
1885,22-Apr-17,,
1886,23-Apr-17,1359.0,0.02
1887,24-Apr-17,,
1888,25-Apr-17,,
1889,26-Apr-17,,
1890,27-Apr-17,1392.5,0.02
1891,28-Apr-17,1393.644,0.02
1892,29-Apr-17,,
1893,30-Apr-17,,
1894,1-May-17,,
1895,2-May-17,1604.6,0.02
1896,3-May-17,1600.538,0.02
1897,4-May-17,,
1898,5-May-17,,
1899,6-May-17,,
1900,7-May-17,1575.1,0.02
1901,8-May-17,1577.636,0.04
1902,9-May-17,1583.13056,0.06
1903,10-May-17,1596.9767264,0.08
1904,11-May-17,1614.610588288,0.1
1905,12-May-17,1643.9495294592,0.1
1906,13-May-17,,
1907,14-May-17,,
1908,15-May-17,,
1909,16-May-17,,
1910,17-May-17,,
1911,18-May-17,1861.0,0.02
1912,19-May-17,1862.778,0.04
1913,20-May-17,1868.2668800000001,0.06
1914,21-May-17,1880.5028672,0.08
1915,22-May-17,,
1916,23-May-17,,
1917,24-May-17,,
1918,25-May-17,,
1919,26-May-17,,
1920,27-May-17,,
1921,28-May-17,1955.5,0.02
1922,29-May-17,1970.17,0.02
1923,30-May-17,,
1924,31-May-17,,
1925,1-Jun-17,,
1926,2-Jun-17,,
1927,3-Jun-17,,
1928,4-Jun-17,2376.4,0.02
1929,5-Jun-17,2378.832,0.04
1930,6-Jun-17,2389.17872,0.06
1931,7-Jun-17,2419.6179967999997,0.06
1932,8-Jun-17,,
1933,9-Jun-17,,
1934,10-Jun-17,,
1935,11-Jun-17,,
1936,12-Jun-17,,
1937,13-Jun-17,,
1938,14-Jun-17,,
1939,15-Jun-17,,
1940,16-Jun-17,2480.0,0.02
1941,17-Jun-17,2471.4,0.02
1942,18-Jun-17,,
1943,19-Jun-17,,
1944,20-Jun-17,,
1945,21-Jun-17,2573.3,0.02
1946,22-Jun-17,,
1947,23-Jun-17,,
1948,24-Jun-17,,
1949,25-Jun-17,,
1950,26-Jun-17,,
1951,27-Jun-17,2208.1,0.02
1952,28-Jun-17,,
1953,29-Jun-17,,
1954,30-Jun-17,,
1955,1-Jul-17,2440.9,0.02
1956,2-Jul-17,2437.902,0.02
1957,3-Jul-17,2434.96396,0.02
1958,4-Jul-17,2432.0846808,0.02
1959,5-Jul-17,2429.262987184,0.02
1960,6-Jul-17,,
1961,7-Jul-17,,
1962,8-Jul-17,,
1963,9-Jul-17,,
1964,10-Jul-17,,
1965,11-Jul-17,,
1966,12-Jul-17,2394.0,0.02
1967,13-Jul-17,2389.786,0.02
1968,14-Jul-17,2385.65628,0.04
1969,15-Jul-17,2375.7500288,0.06
1970,16-Jul-17,2351.747027072,0.08
1971,17-Jul-17,2310.47126490624,0.08
1972,18-Jul-17,2272.497563713741,0.08
1973,19-Jul-17,2237.561758616642,0.08
1974,20-Jul-17,2205.4208179273105,0.08
1975,21-Jul-17,,
1976,22-Jul-17,,
1977,23-Jul-17,,
1978,24-Jul-17,,
1979,25-Jul-17,,
1980,26-Jul-17,,
1981,27-Jul-17,,
1982,28-Jul-17,2655.5,0.02
1983,29-Jul-17,2658.788,0.02
1984,30-Jul-17,,
1985,31-Jul-17,,
1986,1-Aug-17,,
1987,2-Aug-17,,
1988,3-Aug-17,,
1989,4-Aug-17,2762.6,0.02
1990,5-Aug-17,2765.38,0.04
1991,6-Aug-17,2788.0408,0.04
1992,7-Aug-17,,
1993,8-Aug-17,,
1994,9-Aug-17,,
1995,10-Aug-17,,
1996,11-Aug-17,,
1997,12-Aug-17,3590.0,0.02
1998,13-Aug-17,3597.508,0.04
1999,14-Aug-17,3620.95568,0.06
2000,15-Aug-17,3663.5163392,0.08
